[{"model": "admin.logentry", "pk": 1, "fields": {"action_time": "2022-08-12T08:34:53.986Z", "user": 1, "content_type": 8, "object_id": "8", "object_repr": "юЁяряяяЁя", "action_flag": 1, "change_message": "[{\"added\": {}}]"}}, {"model": "admin.logentry", "pk": 2, "fields": {"action_time": "2022-08-12T08:35:14.241Z", "user": 1, "content_type": 8, "object_id": "8", "object_repr": "юЁяряяяЁя", "action_flag": 3, "change_message": ""}}, {"model": "admin.logentry", "pk": 3, "fields": {"action_time": "2022-08-12T08:40:12.498Z", "user": 1, "content_type": 9, "object_id": "1", "object_repr": "√трт√р", "action_flag": 1, "change_message": "[{\"added\": {}}]"}}, {"model": "admin.logentry", "pk": 4, "fields": {"action_time": "2022-08-12T08:40:34.269Z", "user": 1, "content_type": 9, "object_id": "2", "object_repr": "√трЇтр√", "action_flag": 1, "change_message": "[{\"added\": {}}]"}}, {"model": "admin.logentry", "pk": 5, "fields": {"action_time": "2022-08-12T09:15:27.163Z", "user": 1, "content_type": 9, "object_id": "1", "object_repr": "√трт√р", "action_flag": 2, "change_message": "[{\"changed\": {\"fields\": [\"Description\"]}}]"}}, {"model": "admin.logentry", "pk": 6, "fields": {"action_time": "2022-08-12T09:25:25.333Z", "user": 1, "content_type": 9, "object_id": "2", "object_repr": "√трЇтр√", "action_flag": 3, "change_message": ""}}, {"model": "admin.logentry", "pk": 7, "fields": {"action_time": "2022-08-12T09:25:28.542Z", "user": 1, "content_type": 9, "object_id": "1", "object_repr": "√трт√р", "action_flag": 3, "change_message": ""}}, {"model": "admin.logentry", "pk": 8, "fields": {"action_time": "2022-08-12T09:31:39.848Z", "user": 1, "content_type": 9, "object_id": "1", "object_repr": "└ыхъёрэфЁ", "action_flag": 1, "change_message": "[{\"added\": {}}]"}}, {"model": "admin.logentry", "pk": 9, "fields": {"action_time": "2022-08-12T09:32:15.538Z", "user": 1, "content_type": 9, "object_id": "2", "object_repr": "ъшЄ 123", "action_flag": 1, "change_message": "[{\"added\": {}}]"}}, {"model": "admin.logentry", "pk": 10, "fields": {"action_time": "2022-08-12T09:32:42.767Z", "user": 1, "content_type": 9, "object_id": "3", "object_repr": "ъшЄ-5", "action_flag": 1, "change_message": "[{\"added\": {}}]"}}, {"model": "admin.logentry", "pk": 11, "fields": {"action_time": "2022-08-12T10:12:39.528Z", "user": 1, "content_type": 9, "object_id": "4", "object_repr": "╩шЄ-єсштрЄюЁ", "action_flag": 1, "change_message": "[{\"added\": {}}]"}}, {"model": "admin.logentry", "pk": 12, "fields": {"action_time": "2022-08-13T07:53:25.712Z", "user": 1, "content_type": 8, "object_id": "9", "object_repr": "└ъёхёёєрЁ√ ш єїюф", "action_flag": 1, "change_message": "[{\"added\": {}}]"}}, {"model": "admin.logentry", "pk": 13, "fields": {"action_time": "2022-08-13T07:55:17.213Z", "user": 1, "content_type": 8, "object_id": "10", "object_repr": "┴рэфрцш яюёыхюяхЁрЎшюээ√х", "action_flag": 1, "change_message": "[{\"added\": {}}]"}}, {"model": "admin.logentry", "pk": 14, "fields": {"action_time": "2022-08-13T07:55:30.422Z", "user": 1, "content_type": 8, "object_id": "11", "object_repr": "┴рэфрцш фы  схЁхьхээ√ї", "action_flag": 1, "change_message": "[{\"added\": {}}]"}}, {"model": "admin.logentry", "pk": 15, "fields": {"action_time": "2022-08-13T07:55:41.713Z", "user": 1, "content_type": 8, "object_id": "12", "object_repr": "┴рэфрцш уЁ√цхт√х ярїют√х", "action_flag": 1, "change_message": "[{\"added\": {}}]"}}, {"model": "admin.logentry", "pk": 16, "fields": {"action_time": "2022-08-13T07:55:59.754Z", "user": 1, "content_type": 8, "object_id": "13", "object_repr": "┴рэфрцш уЁ√цхт√х яєяюўэ√х", "action_flag": 1, "change_message": "[{\"added\": {}}]"}}, {"model": "admin.logentry", "pk": 17, "fields": {"action_time": "2022-08-13T07:56:12.728Z", "user": 1, "content_type": 8, "object_id": "14", "object_repr": "┴рэфрцш яЁш юяє∙хэшш тэєЄЁхээшї юЁурэют", "action_flag": 1, "change_message": "[{\"added\": {}}]"}}, {"model": "admin.logentry", "pk": 18, "fields": {"action_time": "2022-08-13T07:57:08.928Z", "user": 1, "content_type": 8, "object_id": "15", "object_repr": "┴рэфрцш яЁш юяє∙хэшш ьрыюую Єрчр", "action_flag": 1, "change_message": "[{\"added\": {}}]"}}, {"model": "admin.logentry", "pk": 19, "fields": {"action_time": "2022-08-13T07:58:04.623Z", "user": 1, "content_type": 8, "object_id": "16", "object_repr": "┴рэфрцш ёюуЁхтр■∙шх", "action_flag": 1, "change_message": "[{\"added\": {}}]"}}, {"model": "admin.logentry", "pk": 20, "fields": {"action_time": "2022-08-13T07:58:17.339Z", "user": 1, "content_type": 8, "object_id": "17", "object_repr": "┴рэфрцш фы  °хш", "action_flag": 1, "change_message": "[{\"added\": {}}]"}}, {"model": "admin.logentry", "pk": 21, "fields": {"action_time": "2022-08-13T07:58:35.030Z", "user": 1, "content_type": 8, "object_id": "18", "object_repr": "╬ЁЄхч√ ЄрчюсхфЁхээ√х", "action_flag": 1, "change_message": "[{\"added\": {}}]"}}, {"model": "admin.logentry", "pk": 22, "fields": {"action_time": "2022-08-13T07:58:54.444Z", "user": 1, "content_type": 8, "object_id": "19", "object_repr": "╬ЁЄхч√ ъюыхээ√х", "action_flag": 1, "change_message": "[{\"added\": {}}]"}}, {"model": "admin.logentry", "pk": 23, "fields": {"action_time": "2022-08-13T07:59:08.079Z", "user": 1, "content_type": 8, "object_id": "20", "object_repr": "╬ЁЄхч√ уюыхэюёЄюяэ√х", "action_flag": 1, "change_message": "[{\"added\": {}}]"}}, {"model": "admin.logentry", "pk": 24, "fields": {"action_time": "2022-08-13T07:59:19.846Z", "user": 1, "content_type": 8, "object_id": "21", "object_repr": "╬ЁЄхч√ ыєўхчря ёЄэ√х", "action_flag": 1, "change_message": "[{\"added\": {}}]"}}, {"model": "admin.logentry", "pk": 25, "fields": {"action_time": "2022-08-13T07:59:35.334Z", "user": 1, "content_type": 8, "object_id": "22", "object_repr": "╬ЁЄхч√ фы  яры№Ўхт Ёєъ", "action_flag": 1, "change_message": "[{\"added\": {}}]"}}, {"model": "admin.logentry", "pk": 26, "fields": {"action_time": "2022-08-13T08:00:20.024Z", "user": 1, "content_type": 8, "object_id": "23", "object_repr": "╬ЁЄхч√ ыюъЄхт√х", "action_flag": 1, "change_message": "[{\"added\": {}}]"}}, {"model": "admin.logentry", "pk": 27, "fields": {"action_time": "2022-08-13T08:00:39.224Z", "user": 1, "content_type": 8, "object_id": "24", "object_repr": "╬ЁЄхч√ яыхўхт√х", "action_flag": 1, "change_message": "[{\"added\": {}}]"}}, {"model": "admin.logentry", "pk": 28, "fields": {"action_time": "2022-08-13T08:00:47.527Z", "user": 1, "content_type": 8, "object_id": "25", "object_repr": "╩юЁёхЄ√", "action_flag": 1, "change_message": "[{\"added\": {}}]"}}, {"model": "admin.logentry", "pk": 29, "fields": {"action_time": "2022-08-13T08:01:10.355Z", "user": 1, "content_type": 8, "object_id": "26", "object_repr": "╩юЁЁхъЄюЁ√ юёрэъш", "action_flag": 1, "change_message": "[{\"added\": {}}]"}}, {"model": "admin.logentry", "pk": 30, "fields": {"action_time": "2022-08-13T08:01:32.579Z", "user": 1, "content_type": 8, "object_id": "27", "object_repr": "╧юфє°ъш", "action_flag": 1, "change_message": "[{\"added\": {}}]"}}, {"model": "admin.logentry", "pk": 31, "fields": {"action_time": "2022-08-13T08:01:49.650Z", "user": 1, "content_type": 8, "object_id": "28", "object_repr": "╠рЄЁрё√ юЁЄюяхфшўхёъшх", "action_flag": 1, "change_message": "[{\"added\": {}}]"}}, {"model": "admin.logentry", "pk": 32, "fields": {"action_time": "2022-08-13T08:02:11.873Z", "user": 1, "content_type": 8, "object_id": "29", "object_repr": "└ъёхёёєрЁ√ фы  чфюЁютюую ёэр", "action_flag": 1, "change_message": "[{\"added\": {}}]"}}, {"model": "admin.logentry", "pk": 33, "fields": {"action_time": "2022-08-13T08:02:29.085Z", "user": 1, "content_type": 8, "object_id": "30", "object_repr": "╠рёёрцхЁ√", "action_flag": 1, "change_message": "[{\"added\": {}}]"}}, {"model": "admin.logentry", "pk": 34, "fields": {"action_time": "2022-08-13T08:02:49.166Z", "user": 1, "content_type": 8, "object_id": "31", "object_repr": "╠рёёрцэ√х Єряюўъш", "action_flag": 1, "change_message": "[{\"added\": {}}]"}}, {"model": "admin.logentry", "pk": 35, "fields": {"action_time": "2022-08-13T08:03:11.449Z", "user": 1, "content_type": 8, "object_id": "32", "object_repr": "╠рёёрцэ√х ъютЁшъш", "action_flag": 1, "change_message": "[{\"added\": {}}]"}}, {"model": "admin.logentry", "pk": 36, "fields": {"action_time": "2022-08-13T08:03:32.660Z", "user": 1, "content_type": 8, "object_id": "33", "object_repr": "├шьэрёЄшўхёъшх ь ўш (ЇшЄсюы√)", "action_flag": 1, "change_message": "[{\"added\": {}}]"}}, {"model": "admin.logentry", "pk": 37, "fields": {"action_time": "2022-08-13T08:03:50.300Z", "user": 1, "content_type": 8, "object_id": "34", "object_repr": "╤юыхт√х ырья√", "action_flag": 1, "change_message": "[{\"added\": {}}]"}}, {"model": "admin.logentry", "pk": 38, "fields": {"action_time": "2022-08-13T08:04:09.693Z", "user": 1, "content_type": 8, "object_id": "35", "object_repr": "╤юуЁхтр■∙шх шчфхыш ", "action_flag": 1, "change_message": "[{\"added\": {}}]"}}, {"model": "admin.logentry", "pk": 39, "fields": {"action_time": "2022-08-13T08:04:26.055Z", "user": 1, "content_type": 8, "object_id": "36", "object_repr": "╧Ёюўр  ьхфЄхїэшър", "action_flag": 1, "change_message": "[{\"added\": {}}]"}}, {"model": "admin.logentry", "pk": 40, "fields": {"action_time": "2022-08-13T08:04:44.480Z", "user": 1, "content_type": 8, "object_id": "37", "object_repr": "┴рэфрцш яюёых юяхЁрЎшш", "action_flag": 1, "change_message": "[{\"added\": {}}]"}}, {"model": "admin.logentry", "pk": 41, "fields": {"action_time": "2022-08-13T08:05:21.480Z", "user": 1, "content_type": 8, "object_id": "38", "object_repr": "╠рЄЁрё√ яЁюЄштюяЁюыхцэхт√х", "action_flag": 1, "change_message": "[{\"added\": {}}]"}}, {"model": "admin.logentry", "pk": 42, "fields": {"action_time": "2022-08-13T12:56:05.275Z", "user": 1, "content_type": 8, "object_id": "39", "object_repr": "╠рёъш чр∙шЄэ√х", "action_flag": 1, "change_message": "[{\"added\": {}}]"}}, {"model": "admin.logentry", "pk": 43, "fields": {"action_time": "2022-08-13T12:56:18.925Z", "user": 1, "content_type": 8, "object_id": "40", "object_repr": "─хчшэЇшЎшЁє■∙шх ёЁхфёЄтр", "action_flag": 1, "change_message": "[{\"added\": {}}]"}}, {"model": "admin.logentry", "pk": 44, "fields": {"action_time": "2022-08-13T12:56:59.140Z", "user": 1, "content_type": 8, "object_id": "41", "object_repr": "╚этрышфэ√х ъюы ёъш", "action_flag": 1, "change_message": "[{\"added\": {}}]"}}, {"model": "admin.logentry", "pk": 45, "fields": {"action_time": "2022-08-16T19:28:55.316Z", "user": 1, "content_type": 9, "object_id": "5", "object_repr": "╒юыюфшыэшъ", "action_flag": 1, "change_message": "[{\"added\": {}}]"}}, {"model": "admin.logentry", "pk": 46, "fields": {"action_time": "2022-08-18T11:33:14.603Z", "user": 1, "content_type": 10, "object_id": "1", "object_repr": "Store object (1)", "action_flag": 1, "change_message": "[{\"added\": {}}]"}}, {"model": "admin.logentry", "pk": 47, "fields": {"action_time": "2022-08-18T11:36:19.599Z", "user": 1, "content_type": 10, "object_id": "1", "object_repr": "Store object (1)", "action_flag": 3, "change_message": ""}}, {"model": "admin.logentry", "pk": 48, "fields": {"action_time": "2022-08-18T11:40:06.074Z", "user": 1, "content_type": 10, "object_id": "2", "object_repr": "Store object (2)", "action_flag": 1, "change_message": "[{\"added\": {}}]"}}, {"model": "admin.logentry", "pk": 49, "fields": {"action_time": "2022-08-18T11:42:59.324Z", "user": 1, "content_type": 10, "object_id": "2", "object_repr": "Store object (2)", "action_flag": 2, "change_message": "[{\"changed\": {\"fields\": [\"Name\"]}}]"}}, {"model": "admin.logentry", "pk": 50, "fields": {"action_time": "2022-08-18T11:43:53.131Z", "user": 1, "content_type": 10, "object_id": "3", "object_repr": "Store object (3)", "action_flag": 1, "change_message": "[{\"added\": {}}]"}}, {"model": "admin.logentry", "pk": 51, "fields": {"action_time": "2022-08-18T11:44:51.450Z", "user": 1, "content_type": 10, "object_id": "4", "object_repr": "Store object (4)", "action_flag": 1, "change_message": "[{\"added\": {}}]"}}, {"model": "admin.logentry", "pk": 52, "fields": {"action_time": "2022-08-18T11:45:10.811Z", "user": 1, "content_type": 10, "object_id": "2", "object_repr": "Store object (2)", "action_flag": 2, "change_message": "[{\"changed\": {\"fields\": [\"Name\"]}}]"}}, {"model": "admin.logentry", "pk": 53, "fields": {"action_time": "2022-08-18T11:46:28.383Z", "user": 1, "content_type": 10, "object_id": "5", "object_repr": "Store object (5)", "action_flag": 1, "change_message": "[{\"added\": {}}]"}}, {"model": "admin.logentry", "pk": 54, "fields": {"action_time": "2022-08-18T12:31:23.813Z", "user": 1, "content_type": 9, "object_id": "6", "object_repr": "╤рэфрышш юЁЄюяхфшўхёъшх фхЄёъшх ыхЄэшх ╠┼├└ ╬ЁЄюяхфшъ", "action_flag": 1, "change_message": "[{\"added\": {}}]"}}, {"model": "admin.logentry", "pk": 55, "fields": {"action_time": "2022-08-18T12:44:18.875Z", "user": 1, "content_type": 9, "object_id": "6", "object_repr": "╤рэфрышш юЁЄюяхфшўхёъшх фхЄёъшх ыхЄэшх ╠┼├└ ╬ЁЄюяхфшъ", "action_flag": 2, "change_message": "[{\"changed\": {\"fields\": [\"Description\"]}}]"}}, {"model": "admin.logentry", "pk": 56, "fields": {"action_time": "2022-08-18T12:47:48.040Z", "user": 1, "content_type": 9, "object_id": "6", "object_repr": "╤рэфрышш юЁЄюяхфшўхёъшх фхЄёъшх ыхЄэшх ╠┼├└ ╬ЁЄюяхфшъ", "action_flag": 3, "change_message": ""}}, {"model": "admin.logentry", "pk": 57, "fields": {"action_time": "2022-08-18T12:47:48.046Z", "user": 1, "content_type": 9, "object_id": "4", "object_repr": "╩шЄ-єсштрЄюЁ", "action_flag": 3, "change_message": ""}}, {"model": "admin.logentry", "pk": 58, "fields": {"action_time": "2022-08-18T12:47:48.049Z", "user": 1, "content_type": 9, "object_id": "2", "object_repr": "ъшЄ 123", "action_flag": 3, "change_message": ""}}, {"model": "admin.logentry", "pk": 59, "fields": {"action_time": "2022-08-18T12:47:48.053Z", "user": 1, "content_type": 9, "object_id": "1", "object_repr": "└ыхъёрэфЁ", "action_flag": 3, "change_message": ""}}, {"model": "admin.logentry", "pk": 60, "fields": {"action_time": "2022-08-18T12:47:48.057Z", "user": 1, "content_type": 9, "object_id": "3", "object_repr": "ъшЄ-5", "action_flag": 3, "change_message": ""}}, {"model": "admin.logentry", "pk": 61, "fields": {"action_time": "2022-08-18T12:47:48.060Z", "user": 1, "content_type": 9, "object_id": "5", "object_repr": "╒юыюфшыэшъ", "action_flag": 3, "change_message": ""}}, {"model": "admin.logentry", "pk": 62, "fields": {"action_time": "2022-08-18T12:49:53.621Z", "user": 1, "content_type": 9, "object_id": "1", "object_repr": "╤рэфрышш юЁЄюяхфшўхёъшх фхЄёъшх ыхЄэшх ╠┼├└ ╬ЁЄюяхфшъ", "action_flag": 1, "change_message": "[{\"added\": {}}]"}}, {"model": "admin.logentry", "pk": 63, "fields": {"action_time": "2022-08-18T12:50:18.196Z", "user": 1, "content_type": 9, "object_id": "1", "object_repr": "╤рэфрышш юЁЄюяхфшўхёъшх фхЄёъшх ыхЄэшх ╠┼├└ ╬ЁЄюяхфшъ", "action_flag": 2, "change_message": "[{\"changed\": {\"fields\": [\"Description\"]}}]"}}, {"model": "admin.logentry", "pk": 64, "fields": {"action_time": "2022-08-18T12:51:44.907Z", "user": 1, "content_type": 9, "object_id": "1", "object_repr": "<b>╤рэфрышш юЁЄюяхфшўхёъшх</b> фхЄёъшх ыхЄэшх ╠┼├└ ╬ЁЄюяхфшъ", "action_flag": 2, "change_message": "[{\"changed\": {\"fields\": [\"Name\"]}}]"}}, {"model": "admin.logentry", "pk": 65, "fields": {"action_time": "2022-08-18T12:53:21.485Z", "user": 1, "content_type": 9, "object_id": "1", "object_repr": "<b>╤рэфрышш юЁЄюяхфшўхёъшх</b> фхЄёъшх ыхЄэшх ╠┼├└ ╬ЁЄюяхфшъ", "action_flag": 3, "change_message": ""}}, {"model": "admin.logentry", "pk": 66, "fields": {"action_time": "2022-08-18T12:55:06.967Z", "user": 1, "content_type": 9, "object_id": "1", "object_repr": "[eq", "action_flag": 1, "change_message": "[{\"added\": {}}]"}}, {"model": "admin.logentry", "pk": 67, "fields": {"action_time": "2022-08-18T12:55:55.409Z", "user": 1, "content_type": 9, "object_id": "1", "object_repr": "[eq", "action_flag": 3, "change_message": ""}}, {"model": "admin.logentry", "pk": 68, "fields": {"action_time": "2022-08-18T12:57:14.837Z", "user": 1, "content_type": 9, "object_id": "2", "object_repr": "╤рэфрышш юЁЄюяхфшўхёъшх фхЄёъшх ыхЄэшх ╠┼├└ ╬ЁЄюяхфшъ", "action_flag": 1, "change_message": "[{\"added\": {}}]"}}, {"model": "admin.logentry", "pk": 69, "fields": {"action_time": "2022-08-18T14:39:28.286Z", "user": 1, "content_type": 9, "object_id": "2", "object_repr": "╒є╕тшэр фы  эюуш", "action_flag": 2, "change_message": "[{\"changed\": {\"fields\": [\"Name\"]}}]"}}, {"model": "admin.logentry", "pk": 70, "fields": {"action_time": "2022-08-18T14:40:23.656Z", "user": 1, "content_type": 9, "object_id": "2", "object_repr": "┴ы фёъшщ ёрэфрышщ эр эюує", "action_flag": 2, "change_message": "[{\"changed\": {\"fields\": [\"Name\"]}}]"}}, {"model": "admin.logentry", "pk": 71, "fields": {"action_time": "2022-08-18T14:43:10.270Z", "user": 1, "content_type": 9, "object_id": "2", "object_repr": "╤рэфрышш юЁЄюяхфшўхёъшх фхЄёъшх ыхЄэшх ╤єЁёшы-╬ЁЄю", "action_flag": 2, "change_message": "[{\"changed\": {\"fields\": [\"Name\"]}}]"}}, {"model": "admin.logentry", "pk": 72, "fields": {"action_time": "2022-08-18T17:00:02.262Z", "user": 1, "content_type": 10, "object_id": "2", "object_repr": "Store object (2)", "action_flag": 2, "change_message": "[{\"changed\": {\"fields\": [\"Description\"]}}]"}}, {"model": "admin.logentry", "pk": 73, "fields": {"action_time": "2022-08-18T17:15:17.246Z", "user": 1, "content_type": 10, "object_id": "2", "object_repr": "Store object (2)", "action_flag": 2, "change_message": "[{\"changed\": {\"fields\": [\"Image\"]}}]"}}, {"model": "admin.logentry", "pk": 74, "fields": {"action_time": "2022-08-18T17:52:49.395Z", "user": 1, "content_type": 10, "object_id": "2", "object_repr": "Store object (2)", "action_flag": 2, "change_message": "[{\"changed\": {\"fields\": [\"Description\"]}}]"}}, {"model": "admin.logentry", "pk": 75, "fields": {"action_time": "2022-08-18T17:53:01.184Z", "user": 1, "content_type": 10, "object_id": "2", "object_repr": "Store object (2)", "action_flag": 2, "change_message": "[{\"changed\": {\"fields\": [\"Description\"]}}]"}}, {"model": "admin.logentry", "pk": 76, "fields": {"action_time": "2022-08-18T17:54:36.926Z", "user": 1, "content_type": 8, "object_id": "42", "object_repr": "ьєЁър", "action_flag": 1, "change_message": "[{\"added\": {}}]"}}, {"model": "admin.logentry", "pk": 77, "fields": {"action_time": "2022-08-18T17:54:48.501Z", "user": 1, "content_type": 8, "object_id": "42", "object_repr": "ьєЁър", "action_flag": 3, "change_message": ""}}, {"model": "admin.logentry", "pk": 78, "fields": {"action_time": "2022-08-20T19:29:43.105Z", "user": 1, "content_type": 9, "object_id": "3", "object_repr": "╒єщ ┼уюЁр", "action_flag": 1, "change_message": "[{\"added\": {}}]"}}, {"model": "admin.logentry", "pk": 79, "fields": {"action_time": "2022-08-20T19:30:08.884Z", "user": 1, "content_type": 9, "object_id": "3", "object_repr": "╒єщ ┼уюЁр", "action_flag": 3, "change_message": ""}}, {"model": "admin.logentry", "pk": 80, "fields": {"action_time": "2022-08-22T07:37:47.868Z", "user": 1, "content_type": 10, "object_id": "2", "object_repr": "Store object (2)", "action_flag": 2, "change_message": "[{\"changed\": {\"fields\": [\"Map\"]}}]"}}, {"model": "admin.logentry", "pk": 81, "fields": {"action_time": "2022-08-22T09:13:25.403Z", "user": 1, "content_type": 10, "object_id": "3", "object_repr": "Store object (3)", "action_flag": 2, "change_message": "[{\"changed\": {\"fields\": [\"Map\", \"Description\", \"Image\"]}}]"}}, {"model": "admin.logentry", "pk": 82, "fields": {"action_time": "2022-08-22T09:21:04.693Z", "user": 1, "content_type": 10, "object_id": "4", "object_repr": "Store object (4)", "action_flag": 2, "change_message": "[{\"changed\": {\"fields\": [\"Map\", \"Description\", \"Image\"]}}]"}}, {"model": "admin.logentry", "pk": 83, "fields": {"action_time": "2022-08-22T09:22:42.987Z", "user": 1, "content_type": 10, "object_id": "5", "object_repr": "Store object (5)", "action_flag": 2, "change_message": "[{\"changed\": {\"fields\": [\"Map\", \"Description\", \"Image\"]}}]"}}, {"model": "admin.logentry", "pk": 84, "fields": {"action_time": "2022-08-23T16:13:51.434Z", "user": 1, "content_type": 11, "object_id": "1", "object_repr": "Index_product object (1)", "action_flag": 1, "change_message": "[{\"added\": {}}]"}}, {"model": "admin.logentry", "pk": 85, "fields": {"action_time": "2022-08-23T16:15:09.020Z", "user": 1, "content_type": 11, "object_id": "1", "object_repr": "Index_product object (1)", "action_flag": 2, "change_message": "[]"}}, {"model": "admin.logentry", "pk": 86, "fields": {"action_time": "2022-08-23T17:11:31.740Z", "user": 1, "content_type": 9, "object_id": "4", "object_repr": "╧Ёшёяюёюсыхэшх фы  ёэ Єш  эруЁєчъш ё яючтюэюўэшър Bradex ╠╬╤╥╚╩", "action_flag": 1, "change_message": "[{\"added\": {}}]"}}, {"model": "admin.logentry", "pk": 87, "fields": {"action_time": "2022-08-23T17:11:44.318Z", "user": 1, "content_type": 11, "object_id": "2", "object_repr": "Index_product object (2)", "action_flag": 1, "change_message": "[{\"added\": {}}]"}}, {"model": "admin.logentry", "pk": 88, "fields": {"action_time": "2022-08-23T17:41:47.977Z", "user": 1, "content_type": 9, "object_id": "5", "object_repr": "┴рэфрц яюёыхюяхЁрЎшюээ√щ фы  сЁ■°эющ яюыюёЄш ORTO", "action_flag": 1, "change_message": "[{\"added\": {}}]"}}, {"model": "admin.logentry", "pk": 89, "fields": {"action_time": "2022-08-23T17:42:01.445Z", "user": 1, "content_type": 11, "object_id": "3", "object_repr": "Index_product object (3)", "action_flag": 1, "change_message": "[{\"added\": {}}]"}}, {"model": "admin.logentry", "pk": 90, "fields": {"action_time": "2022-08-23T17:42:43.269Z", "user": 1, "content_type": 9, "object_id": "5", "object_repr": "┴рэфрц яюёыхюяхЁрЎшюээ√щ фы  сЁ■°эющ яюыюёЄш ORTO", "action_flag": 3, "change_message": ""}}, {"model": "admin.logentry", "pk": 91, "fields": {"action_time": "2022-08-23T17:51:42.149Z", "user": 1, "content_type": 11, "object_id": "3", "object_repr": "Index_product object (3)", "action_flag": 3, "change_message": ""}}, {"model": "admin.logentry", "pk": 92, "fields": {"action_time": "2022-08-23T17:56:29.199Z", "user": 1, "content_type": 9, "object_id": "6", "object_repr": "┴рэфрц яюёыхюяхЁрЎшюээ√щ фы  сЁ■°эющ яюыюёЄш ORTO", "action_flag": 1, "change_message": "[{\"added\": {}}]"}}, {"model": "admin.logentry", "pk": 93, "fields": {"action_time": "2022-08-23T17:56:43.319Z", "user": 1, "content_type": 11, "object_id": "4", "object_repr": "Index_product object (4)", "action_flag": 1, "change_message": "[{\"added\": {}}]"}}, {"model": "admin.logentry", "pk": 94, "fields": {"action_time": "2022-08-23T18:01:40.544Z", "user": 1, "content_type": 9, "object_id": "6", "object_repr": "┴рэфрц яюёыхюяхЁрЎшюээ√щ фы  сЁ■°эющ яюыюёЄш ORTO", "action_flag": 3, "change_message": ""}}, {"model": "admin.logentry", "pk": 95, "fields": {"action_time": "2022-08-23T18:02:32.588Z", "user": 1, "content_type": 9, "object_id": "7", "object_repr": "┴рэфрц яюёыхюяхЁрЎшюээ√щ фы  сЁ■°эющ яюыюёЄш ORTO", "action_flag": 1, "change_message": "[{\"added\": {}}]"}}, {"model": "admin.logentry", "pk": 96, "fields": {"action_time": "2022-08-23T18:02:46.675Z", "user": 1, "content_type": 11, "object_id": "5", "object_repr": "Index_product object (5)", "action_flag": 1, "change_message": "[{\"added\": {}}]"}}, {"model": "admin.logentry", "pk": 97, "fields": {"action_time": "2022-08-23T18:03:06.276Z", "user": 1, "content_type": 11, "object_id": "5", "object_repr": "Index_product object (5)", "action_flag": 3, "change_message": ""}}, {"model": "admin.logentry", "pk": 98, "fields": {"action_time": "2022-08-23T18:21:42.993Z", "user": 1, "content_type": 9, "object_id": "8", "object_repr": "╤юыхтр  ырьяр Wonder Life \"╤ърыр-╥┼╒═╬\"", "action_flag": 1, "change_message": "[{\"added\": {}}]"}}, {"model": "admin.logentry", "pk": 99, "fields": {"action_time": "2022-08-23T20:39:06.998Z", "user": 1, "content_type": 11, "object_id": "6", "object_repr": "Index_product object (6)", "action_flag": 1, "change_message": "[{\"added\": {}}]"}}, {"model": "admin.logentry", "pk": 100, "fields": {"action_time": "2022-08-23T20:39:12.627Z", "user": 1, "content_type": 11, "object_id": "7", "object_repr": "Index_product object (7)", "action_flag": 1, "change_message": "[{\"added\": {}}]"}}, {"model": "admin.logentry", "pk": 101, "fields": {"action_time": "2022-08-24T06:23:48.563Z", "user": 1, "content_type": 9, "object_id": "9", "object_repr": "╧юфє°ър рэрЄюьшўхёър  яюф уюыютє (ё т√хьъющ яюф яыхўю) фы  тчЁюёы√ї Comfortline", "action_flag": 1, "change_message": "[{\"added\": {}}]"}}, {"model": "admin.logentry", "pk": 102, "fields": {"action_time": "2022-08-24T06:50:47.448Z", "user": 1, "content_type": 11, "object_id": "8", "object_repr": "Index_product object (8)", "action_flag": 1, "change_message": "[{\"added\": {}}]"}}, {"model": "admin.logentry", "pk": 103, "fields": {"action_time": "2022-08-24T14:01:04.221Z", "user": 1, "content_type": 9, "object_id": "10", "object_repr": "└яяышърЄюЁ ╦ яъю л┬рышъ ╙эштхЁёры№э√щ╗", "action_flag": 1, "change_message": "[{\"added\": {}}]"}}, {"model": "admin.logentry", "pk": 104, "fields": {"action_time": "2022-08-24T14:01:17.731Z", "user": 1, "content_type": 11, "object_id": "9", "object_repr": "Index_product object (9)", "action_flag": 1, "change_message": "[{\"added\": {}}]"}}, {"model": "admin.logentry", "pk": 105, "fields": {"action_time": "2022-08-24T14:48:58.811Z", "user": 1, "content_type": 9, "object_id": "11", "object_repr": "╤Єхы№ъш ╦ яъю", "action_flag": 1, "change_message": "[{\"added\": {}}]"}}, {"model": "admin.logentry", "pk": 106, "fields": {"action_time": "2022-08-24T20:41:00.325Z", "user": 1, "content_type": 12, "object_id": "1", "object_repr": "Articles object (1)", "action_flag": 1, "change_message": "[{\"added\": {}}]"}}, {"model": "admin.logentry", "pk": 107, "fields": {"action_time": "2022-08-25T08:41:54.522Z", "user": 1, "content_type": 12, "object_id": "1", "object_repr": "Articles object (1)", "action_flag": 2, "change_message": "[{\"changed\": {\"fields\": [\"Article html\"]}}]"}}, {"model": "admin.logentry", "pk": 108, "fields": {"action_time": "2022-08-25T14:41:14.059Z", "user": 1, "content_type": 8, "object_id": "43", "object_repr": "╫ыхэ", "action_flag": 1, "change_message": "[{\"added\": {}}]"}}, {"model": "admin.logentry", "pk": 109, "fields": {"action_time": "2022-08-25T14:41:27.600Z", "user": 1, "content_type": 8, "object_id": "43", "object_repr": "╫ыхэ", "action_flag": 3, "change_message": ""}}, {"model": "admin.logentry", "pk": 110, "fields": {"action_time": "2022-08-25T14:43:17.643Z", "user": 1, "content_type": 9, "object_id": "12", "object_repr": "╫ыхэ", "action_flag": 1, "change_message": "[{\"added\": {}}]"}}, {"model": "admin.logentry", "pk": 111, "fields": {"action_time": "2022-08-25T14:43:55.093Z", "user": 1, "content_type": 11, "object_id": "10", "object_repr": "Index_product object (10)", "action_flag": 1, "change_message": "[{\"added\": {}}]"}}, {"model": "admin.logentry", "pk": 112, "fields": {"action_time": "2022-08-25T14:49:18.703Z", "user": 1, "content_type": 9, "object_id": "12", "object_repr": "╫ыхэ", "action_flag": 3, "change_message": ""}}, {"model": "admin.logentry", "pk": 113, "fields": {"action_time": "2022-08-25T14:51:40.836Z", "user": 1, "content_type": 10, "object_id": "5", "object_repr": "Store object (5)", "action_flag": 2, "change_message": "[{\"changed\": {\"fields\": [\"Street\", \"Address\"]}}]"}}, {"model": "admin.logentry", "pk": 114, "fields": {"action_time": "2022-08-25T14:52:56.390Z", "user": 1, "content_type": 10, "object_id": "5", "object_repr": "Store object (5)", "action_flag": 2, "change_message": "[]"}}, {"model": "admin.logentry", "pk": 115, "fields": {"action_time": "2022-08-26T14:05:31.578Z", "user": 1, "content_type": 9, "object_id": "13", "object_repr": "╧юфє°ър юЁЄюяхфшўхёър  ё ярь Є№■ ш т√хьъющ", "action_flag": 1, "change_message": "[{\"added\": {}}]"}}, {"model": "admin.logentry", "pk": 116, "fields": {"action_time": "2022-08-26T14:21:12.541Z", "user": 1, "content_type": 9, "object_id": "14", "object_repr": "╧юфє°ър юЁЄюяхфшўхёър  ё ¤ЇЇхъЄюь ярь Єш Fosta", "action_flag": 1, "change_message": "[{\"added\": {}}]"}}, {"model": "admin.logentry", "pk": 117, "fields": {"action_time": "2022-08-26T14:23:27.406Z", "user": 1, "content_type": 9, "object_id": "14", "object_repr": "╧юфє°ър юЁЄюяхфшўхёър  ё ¤ЇЇхъЄюь ярь Єш Fosta", "action_flag": 2, "change_message": "[{\"changed\": {\"fields\": [\"Description\"]}}]"}}, {"model": "admin.logentry", "pk": 118, "fields": {"action_time": "2022-08-26T19:49:53.002Z", "user": 1, "content_type": 9, "object_id": "15", "object_repr": "╧юфє°ър ё уЁхўшїющ", "action_flag": 1, "change_message": "[{\"added\": {}}]"}}, {"model": "admin.logentry", "pk": 119, "fields": {"action_time": "2022-08-26T20:19:17.217Z", "user": 1, "content_type": 9, "object_id": "15", "object_repr": "╧юфє°ър ё уЁхўшїющ", "action_flag": 2, "change_message": "[{\"changed\": {\"fields\": [\"Art\"]}}]"}}, {"model": "admin.logentry", "pk": 120, "fields": {"action_time": "2022-08-26T20:21:20.758Z", "user": 1, "content_type": 10, "object_id": "5", "object_repr": "Store object (5)", "action_flag": 2, "change_message": "[{\"changed\": {\"fields\": [\"Image\"]}}]"}}, {"model": "admin.logentry", "pk": 121, "fields": {"action_time": "2022-08-26T20:21:27.287Z", "user": 1, "content_type": 10, "object_id": "4", "object_repr": "Store object (4)", "action_flag": 2, "change_message": "[{\"changed\": {\"fields\": [\"Image\"]}}]"}}, {"model": "admin.logentry", "pk": 122, "fields": {"action_time": "2022-08-26T20:21:34.288Z", "user": 1, "content_type": 10, "object_id": "3", "object_repr": "Store object (3)", "action_flag": 2, "change_message": "[{\"changed\": {\"fields\": [\"Image\"]}}]"}}, {"model": "admin.logentry", "pk": 123, "fields": {"action_time": "2022-08-26T20:21:40.200Z", "user": 1, "content_type": 10, "object_id": "2", "object_repr": "Store object (2)", "action_flag": 2, "change_message": "[{\"changed\": {\"fields\": [\"Image\"]}}]"}}, {"model": "admin.logentry", "pk": 124, "fields": {"action_time": "2022-08-26T20:53:15.247Z", "user": 1, "content_type": 10, "object_id": "2", "object_repr": "Store object (2)", "action_flag": 2, "change_message": "[{\"changed\": {\"fields\": [\"Description\"]}}]"}}, {"model": "admin.logentry", "pk": 125, "fields": {"action_time": "2022-08-26T20:54:38.600Z", "user": 1, "content_type": 10, "object_id": "2", "object_repr": "Store object (2)", "action_flag": 2, "change_message": "[{\"changed\": {\"fields\": [\"Description\"]}}]"}}, {"model": "admin.logentry", "pk": 126, "fields": {"action_time": "2022-08-26T20:55:04.205Z", "user": 1, "content_type": 10, "object_id": "2", "object_repr": "Store object (2)", "action_flag": 2, "change_message": "[{\"changed\": {\"fields\": [\"Description\"]}}]"}}, {"model": "admin.logentry", "pk": 127, "fields": {"action_time": "2022-08-26T20:55:48.326Z", "user": 1, "content_type": 10, "object_id": "2", "object_repr": "Store object (2)", "action_flag": 2, "change_message": "[{\"changed\": {\"fields\": [\"Description\"]}}]"}}, {"model": "admin.logentry", "pk": 128, "fields": {"action_time": "2022-08-26T20:56:00.175Z", "user": 1, "content_type": 10, "object_id": "2", "object_repr": "Store object (2)", "action_flag": 2, "change_message": "[{\"changed\": {\"fields\": [\"Description\"]}}]"}}, {"model": "admin.logentry", "pk": 129, "fields": {"action_time": "2022-08-26T20:59:56.936Z", "user": 1, "content_type": 10, "object_id": "2", "object_repr": "Store object (2)", "action_flag": 2, "change_message": "[{\"changed\": {\"fields\": [\"Description\"]}}]"}}, {"model": "admin.logentry", "pk": 130, "fields": {"action_time": "2022-08-26T21:00:42.321Z", "user": 1, "content_type": 10, "object_id": "2", "object_repr": "Store object (2)", "action_flag": 2, "change_message": "[{\"changed\": {\"fields\": [\"Description\"]}}]"}}, {"model": "admin.logentry", "pk": 131, "fields": {"action_time": "2022-08-26T21:02:00.889Z", "user": 1, "content_type": 10, "object_id": "2", "object_repr": "Store object (2)", "action_flag": 2, "change_message": "[{\"changed\": {\"fields\": [\"Description\"]}}]"}}, {"model": "admin.logentry", "pk": 132, "fields": {"action_time": "2022-08-26T21:02:50.291Z", "user": 1, "content_type": 10, "object_id": "2", "object_repr": "Store object (2)", "action_flag": 2, "change_message": "[{\"changed\": {\"fields\": [\"Description\"]}}]"}}, {"model": "admin.logentry", "pk": 133, "fields": {"action_time": "2022-08-26T21:04:49.236Z", "user": 1, "content_type": 10, "object_id": "2", "object_repr": "Store object (2)", "action_flag": 2, "change_message": "[{\"changed\": {\"fields\": [\"Description\"]}}]"}}, {"model": "admin.logentry", "pk": 134, "fields": {"action_time": "2022-08-26T21:05:27.449Z", "user": 1, "content_type": 10, "object_id": "2", "object_repr": "Store object (2)", "action_flag": 2, "change_message": "[{\"changed\": {\"fields\": [\"Description\"]}}]"}}, {"model": "admin.logentry", "pk": 135, "fields": {"action_time": "2022-08-27T18:10:53.547Z", "user": 1, "content_type": 9, "object_id": "16", "object_repr": "╧юфя Єюўэшъ ёшышъюэют√щ protect.HEEL soft ь уъшщ", "action_flag": 1, "change_message": "[{\"added\": {}}]"}}, {"model": "admin.logentry", "pk": 136, "fields": {"action_time": "2022-08-27T18:11:29.103Z", "user": 1, "content_type": 9, "object_id": "16", "object_repr": "╧юфя Єюўэшъ ёшышъюэют√щ protect.HEEL soft ь уъшщ", "action_flag": 2, "change_message": "[{\"changed\": {\"fields\": [\"Description\"]}}]"}}, {"model": "admin.logentry", "pk": 137, "fields": {"action_time": "2022-08-27T18:11:54.479Z", "user": 1, "content_type": 9, "object_id": "16", "object_repr": "╧юфя Єюўэшъ ёшышъюэют√щ protect.HEEL soft ь уъшщ", "action_flag": 2, "change_message": "[{\"changed\": {\"fields\": [\"Description\"]}}]"}}, {"model": "admin.logentry", "pk": 138, "fields": {"action_time": "2022-08-27T18:12:30.511Z", "user": 1, "content_type": 9, "object_id": "16", "object_repr": "╧юфя Єюўэшъ ёшышъюэют√щ protect.HEEL soft ь уъшщ", "action_flag": 2, "change_message": "[{\"changed\": {\"fields\": [\"Description\"]}}]"}}, {"model": "admin.logentry", "pk": 139, "fields": {"action_time": "2022-08-27T18:12:51.705Z", "user": 1, "content_type": 9, "object_id": "16", "object_repr": "╧юфя Єюўэшъ ёшышъюэют√щ protect.HEEL soft ь уъшщ", "action_flag": 2, "change_message": "[{\"changed\": {\"fields\": [\"Description\"]}}]"}}, {"model": "admin.logentry", "pk": 140, "fields": {"action_time": "2022-08-27T18:26:06.141Z", "user": 1, "content_type": 9, "object_id": "17", "object_repr": "╠хцяры№Ўхт√х яхЁхуюЁюфъш ёшышъюэют√х ╥Ёштхё", "action_flag": 1, "change_message": "[{\"added\": {}}]"}}, {"model": "admin.logentry", "pk": 141, "fields": {"action_time": "2022-08-27T18:40:31.157Z", "user": 1, "content_type": 9, "object_id": "18", "object_repr": "╩юЁЁшушЁє■∙хх яЁшёяюёюсыхэшх фы  яры№Ўхт эюу яЁш HALLUX VALGUS", "action_flag": 1, "change_message": "[{\"added\": {}}]"}}, {"model": "admin.logentry", "pk": 142, "fields": {"action_time": "2022-08-27T19:53:18.804Z", "user": 1, "content_type": 9, "object_id": "19", "object_repr": "┴рэфрц ЄрчюсхфЁхээ√щ medi orthocox", "action_flag": 1, "change_message": "[{\"added\": {}}]"}}, {"model": "admin.logentry", "pk": 143, "fields": {"action_time": "2022-08-27T19:54:45.062Z", "user": 1, "content_type": 9, "object_id": "19", "object_repr": "┴рэфрц ЄрчюсхфЁхээ√щ medi orthocox", "action_flag": 2, "change_message": "[{\"changed\": {\"fields\": [\"Description\"]}}]"}}, {"model": "admin.logentry", "pk": 144, "fields": {"action_time": "2022-08-27T20:37:56.258Z", "user": 1, "content_type": 9, "object_id": "20", "object_repr": "╩юыхээ√щ срэфрц ъюьяЁхёёшюээ√щ ё ёшышъюэют√ь ъюы№Ўюь", "action_flag": 1, "change_message": "[{\"added\": {}}]"}}, {"model": "admin.logentry", "pk": 145, "fields": {"action_time": "2022-08-27T20:56:58.241Z", "user": 1, "content_type": 9, "object_id": "21", "object_repr": "┴рэфрц ъюьяЁхёёшюээ√щ эр уюыхэюёЄюя", "action_flag": 1, "change_message": "[{\"added\": {}}]"}}, {"model": "admin.logentry", "pk": 146, "fields": {"action_time": "2022-08-27T21:01:38.309Z", "user": 1, "content_type": 9, "object_id": "22", "object_repr": "┴рэфрц эр яыхўхтющ ёєёЄрт ▌ъюЄхэ ъюё√эър", "action_flag": 1, "change_message": "[{\"added\": {}}]"}}, {"model": "admin.logentry", "pk": 147, "fields": {"action_time": "2022-08-27T21:02:28.520Z", "user": 1, "content_type": 9, "object_id": "22", "object_repr": "┴рэфрц эр яыхўхтющ ёєёЄрт ▌ъюЄхэ ъюё√эър", "action_flag": 2, "change_message": "[{\"changed\": {\"fields\": [\"Description\"]}}]"}}, {"model": "admin.logentry", "pk": 148, "fields": {"action_time": "2022-08-27T21:06:30.247Z", "user": 1, "content_type": 9, "object_id": "23", "object_repr": "┴рэфрц эр ыюъЄхтющ ёєёЄрт", "action_flag": 1, "change_message": "[{\"added\": {}}]"}}, {"model": "admin.logentry", "pk": 149, "fields": {"action_time": "2022-08-27T21:10:49.014Z", "user": 1, "content_type": 9, "object_id": "24", "object_repr": "┴рэфрц ыєўхчря ёЄэ√щ ╥Ёштхё", "action_flag": 1, "change_message": "[{\"added\": {}}]"}}, {"model": "auth.user", "pk": 1, "fields": {"password": "pbkdf2_sha256$320000$SJ2RLl3CpkpijxoKFqmkQD$TiiCwU1ejwWDc1VtB/3NW5c4jTL6RjyJtfIF+GN9fjs=", "last_login": "2022-08-11T18:49:13.714Z", "is_superuser": true, "username": "╫єыярэ", "first_name": "", "last_name": "", "email": "prediger_chulpan@mail.ru", "is_staff": true, "is_active": true, "date_joined": "2022-08-11T18:46:41.304Z", "groups": [], "user_permissions": []}}, {"model": "sessions.session", "pk": "9q13obh81n2sh62x5u9fgjr5rvvyfn5y", "fields": {"session_data": ".eJxVjDsOwjAQBe_iGllex_EnJT1nsNb2Lg6gRIqTCnF3EikFtG_mzVtE3NYat0ZLHIsYBIjL75YwP2k6QHngdJ9lnqd1GZM8FHnSJm9zodf1dP8CFVvd3xgCJ2-p77NKHBhMcM5nnTpriBVbw9lqz0SkwXAPqL1DZX3oQIFPe3QsMeMqBvh8AWeQOvs:1oS4Lh:BB6eMjMFmgK9vOKi6E7XO17pziE0hdFLtlmxoi4Lvzg", "expire_date": "2022-09-10T22:32:17.025Z"}}, {"model": "ortopediya.category", "pk": 1, "fields": {"name": "╬ЁЄюяхфшўхёър  юсєт№ ш ёЄхы№ъш"}}, {"model": "ortopediya.category", "pk": 2, "fields": {"name": "╩юьяЁхёёшюээ√щ ЄЁшъюЄрц"}}, {"model": "ortopediya.category", "pk": 3, "fields": {"name": "┴рэфрцш, юЁЄхч√, ЇшъёрЄюЁ√"}}, {"model": "ortopediya.category", "pk": 4, "fields": {"name": "╩юЁёхЄ√ ш ъюЁЁхъЄюЁ√ юёрэъш"}}, {"model": "ortopediya.category", "pk": 5, "fields": {"name": "╬ЁЄюяхфшўхёъшх яюфє°ъш ш ьрЄЁрё√"}}, {"model": "ortopediya.category", "pk": 6, "fields": {"name": "╠рёёрцхЁ√, ъютЁшъш, ь ўш"}}, {"model": "ortopediya.category", "pk": 7, "fields": {"name": "─юьр°э   ЇшчшюЄхЁряш  ш ЄхЁьюсхы№х"}}, {"model": "ortopediya.category", "pk": 8, "fields": {"name": "╠рььюыюуш "}}, {"model": "ortopediya.category", "pk": 9, "fields": {"name": "╚чфхыш  фы  ЁхрсшышЄрЎшш"}}, {"model": "ortopediya.category", "pk": 10, "fields": {"name": "─хчшэЇхъЎш  ш чр∙шЄр"}}, {"model": "ortopediya.category", "pk": 11, "fields": {"name": "─Ёєуюх"}}, {"model": "ortopediya.subcategory", "pk": 1, "fields": {"name": "╬ЁЄюяхфшўхёър  юсєт№", "category": 1}}, {"model": "ortopediya.subcategory", "pk": 2, "fields": {"name": "╤Єхы№ъш", "category": 1}}, {"model": "ortopediya.subcategory", "pk": 3, "fields": {"name": "╧юыєёЄхы№ъш", "category": 1}}, {"model": "ortopediya.subcategory", "pk": 4, "fields": {"name": "╩юЁЁхъЄюЁ√ фы  ёЄюя√ ш яры№Ўхт", "category": 1}}, {"model": "ortopediya.subcategory", "pk": 5, "fields": {"name": "╩юыуюЄъш", "category": 2}}, {"model": "ortopediya.subcategory", "pk": 6, "fields": {"name": "╫єыъш", "category": 2}}, {"model": "ortopediya.subcategory", "pk": 7, "fields": {"name": "├юы№Ї√", "category": 2}}, {"model": "ortopediya.subcategory", "pk": 9, "fields": {"name": "└ъёхёёєрЁ√ ш єїюф", "category": 2}}, {"model": "ortopediya.subcategory", "pk": 10, "fields": {"name": "┴рэфрцш яюёыхюяхЁрЎшюээ√х", "category": 3}}, {"model": "ortopediya.subcategory", "pk": 11, "fields": {"name": "┴рэфрцш фы  схЁхьхээ√ї", "category": 3}}, {"model": "ortopediya.subcategory", "pk": 12, "fields": {"name": "┴рэфрцш уЁ√цхт√х ярїют√х", "category": 3}}, {"model": "ortopediya.subcategory", "pk": 13, "fields": {"name": "┴рэфрцш уЁ√цхт√х яєяюўэ√х", "category": 3}}, {"model": "ortopediya.subcategory", "pk": 14, "fields": {"name": "┴рэфрцш яЁш юяє∙хэшш тэєЄЁхээшї юЁурэют", "category": 3}}, {"model": "ortopediya.subcategory", "pk": 15, "fields": {"name": "┴рэфрцш яЁш юяє∙хэшш ьрыюую Єрчр", "category": 3}}, {"model": "ortopediya.subcategory", "pk": 16, "fields": {"name": "┴рэфрцш ёюуЁхтр■∙шх", "category": 3}}, {"model": "ortopediya.subcategory", "pk": 17, "fields": {"name": "┴рэфрцш фы  °хш", "category": 3}}, {"model": "ortopediya.subcategory", "pk": 18, "fields": {"name": "╬ЁЄхч√ ЄрчюсхфЁхээ√х", "category": 3}}, {"model": "ortopediya.subcategory", "pk": 19, "fields": {"name": "╬ЁЄхч√ ъюыхээ√х", "category": 3}}, {"model": "ortopediya.subcategory", "pk": 20, "fields": {"name": "╬ЁЄхч√ уюыхэюёЄюяэ√х", "category": 3}}, {"model": "ortopediya.subcategory", "pk": 21, "fields": {"name": "╬ЁЄхч√ ыєўхчря ёЄэ√х", "category": 3}}, {"model": "ortopediya.subcategory", "pk": 22, "fields": {"name": "╬ЁЄхч√ фы  яры№Ўхт Ёєъ", "category": 3}}, {"model": "ortopediya.subcategory", "pk": 23, "fields": {"name": "╬ЁЄхч√ ыюъЄхт√х", "category": 3}}, {"model": "ortopediya.subcategory", "pk": 24, "fields": {"name": "╬ЁЄхч√ яыхўхт√х", "category": 3}}, {"model": "ortopediya.subcategory", "pk": 25, "fields": {"name": "╩юЁёхЄ√", "category": 4}}, {"model": "ortopediya.subcategory", "pk": 26, "fields": {"name": "╩юЁЁхъЄюЁ√ юёрэъш", "category": 4}}, {"model": "ortopediya.subcategory", "pk": 27, "fields": {"name": "╧юфє°ъш", "category": 5}}, {"model": "ortopediya.subcategory", "pk": 28, "fields": {"name": "╠рЄЁрё√ юЁЄюяхфшўхёъшх", "category": 5}}, {"model": "ortopediya.subcategory", "pk": 29, "fields": {"name": "└ъёхёёєрЁ√ фы  чфюЁютюую ёэр", "category": 5}}, {"model": "ortopediya.subcategory", "pk": 30, "fields": {"name": "╠рёёрцхЁ√", "category": 6}}, {"model": "ortopediya.subcategory", "pk": 31, "fields": {"name": "╠рёёрцэ√х Єряюўъш", "category": 6}}, {"model": "ortopediya.subcategory", "pk": 32, "fields": {"name": "╠рёёрцэ√х ъютЁшъш", "category": 6}}, {"model": "ortopediya.subcategory", "pk": 33, "fields": {"name": "├шьэрёЄшўхёъшх ь ўш (ЇшЄсюы√)", "category": 6}}, {"model": "ortopediya.subcategory", "pk": 34, "fields": {"name": "╤юыхт√х ырья√", "category": 7}}, {"model": "ortopediya.subcategory", "pk": 35, "fields": {"name": "╤юуЁхтр■∙шх шчфхыш ", "category": 7}}, {"model": "ortopediya.subcategory", "pk": 36, "fields": {"name": "╧Ёюўр  ьхфЄхїэшър", "category": 7}}, {"model": "ortopediya.subcategory", "pk": 37, "fields": {"name": "┴рэфрцш яюёых юяхЁрЎшш", "category": 8}}, {"model": "ortopediya.subcategory", "pk": 38, "fields": {"name": "╠рЄЁрё√ яЁюЄштюяЁюыхцэхт√х", "category": 9}}, {"model": "ortopediya.subcategory", "pk": 39, "fields": {"name": "╠рёъш чр∙шЄэ√х", "category": 10}}, {"model": "ortopediya.subcategory", "pk": 40, "fields": {"name": "─хчшэЇшЎшЁє■∙шх ёЁхфёЄтр", "category": 10}}, {"model": "ortopediya.subcategory", "pk": 41, "fields": {"name": "╚этрышфэ√х ъюы ёъш", "category": 9}}, {"model": "ortopediya.product", "pk": 2, "fields": {"name": "╤рэфрышш юЁЄюяхфшўхёъшх фхЄёъшх ыхЄэшх ╤єЁёшы-╬ЁЄю", "description": "╩юьярэш  л╤╙╨╤╚╦-╬╨╥╬╗ єёях°эю чрэшьрхЄё  ЁрчЁрсюЄъющ ш яЁюшчтюфёЄтюь т√ёюъюърўхёЄтхээющ юЁЄюяхфшўхёъющ фхЄёъющ юсєтш ё 2003 уюфр. ┬√ёюъюх ърўхёЄтю ш схчюярёэюёЄ№ яЁюфєъЎшш яюфЄтхЁцфхэ√ ьэюуюўшёыхээ√ьш ярЄхэЄрьш, фхъырЁрЎш ьш, ёхЁЄшЇшърЄрьш, ЁхушёЄЁрЎшюээ√ьш єфюёЄютхЁхэш ьш ╠шэшёЄхЁёЄтр чфЁртююїЁрэхэш  ╨╘, р Єръцх ьэюуюыхЄэшь фютхЁшхь яюёЄю ээ√ї ъышхэЄют.", "price": 4500, "image": "photos/2022/08/18/rr_Rim2HkC.jpg", "art": "051 41 30-12 (053 30-12 )", "subcategory": 1}}, {"model": "ortopediya.product", "pk": 4, "fields": {"name": "╧Ёшёяюёюсыхэшх фы  ёэ Єш  эруЁєчъш ё яючтюэюўэшър Bradex ╠╬╤╥╚╩", "description": "╧Ёшёяюёюсыхэшх фы  ёэ Єш  эруЁєчъш ё яючтюэюўэшър Bradex ╠юёЄшъ KZ 0116 єыєў°рхЄ ёюёЄю эшх ёяшэ√ т Ўхыюь ш яючтюы хЄ ё ыхуъюёЄ№■, эх ЄЁрЄ  ьэюую тЁхьхэш ш єёшышщ, ёэ Є№ ыш°э■■ эруЁєчъє ё яючтюэюўэшър. ╧Ёш шёяюы№чютрэшш шчфхышх ёяюёюсёЄтєхЄ ьръёшьры№эюьє тюёёЄрэютыхэш■ ЁрсюЄ√ ь√°Ў яю ёэшўэюую ш уЁєфэюую юЄфхыр яючтюэюўэшър.\r\n\r\n╧Ёшёяюёюсыхэшх ъюьяръЄэю ш ыхуъю ёюсшЁрхЄё /ЁрчсшЁрхЄё , ўЄю яючтюы хЄ ыхуъю яхЁхтючшЄ№ хую ё ёюсющ т яюхчфърї ш яєЄх°хёЄтш ї, ш яюфїюфшЄ фы  тёхї тючЁрёЄют ш фы  ы■сющ Їшчшўхёъющ эруЁєчъш. ╠юёЄшъ шьххЄ ЄЁш єЁютэ  ёыюцэюёЄш, ўЄю яючтюышЄ ┬рь юЄЁхуєышЁютрЄ№ яЁшсюЁ шёїюф  шч шэфштшфєры№э√ї Їшчшўхёъшї юёюсхээюёЄхщ юЁурэшчьр.", "price": 2300, "image": "photos/2022/08/23/ttt.png", "art": "KZ 0116", "subcategory": 36}}, {"model": "ortopediya.product", "pk": 7, "fields": {"name": "┴рэфрц яюёыхюяхЁрЎшюээ√щ фы  сЁ■°эющ яюыюёЄш ORTO", "description": "яЁхфюЄтЁр∙хэшх Ёрёїюцфхэш  яюёыхюяхЁрЎшюээ√ї °тют;\r\nяЁхфюїЁрэхэшх яхЁхфэхщ сЁ■°эющ ёЄхэъш юЄ яхЁхЁрёЄ цхэш ;\r\nёючфрэшх юяЄшьры№э√ї єёыютшщ фы  яЁртшы№эюую ЇюЁьшЁютрэш  яюёыхюяхЁрЎшюээюую ЁєсЎр ш хую чрцштыхэш ;\r\nюсхёяхўхэшх ыхуъющ яюффхЁцъш яю ёэшўэюую юЄфхыр яючтюэюўэшър;\r\nъюэёЄЁєъЎш  срэфрцр яючтюы хЄ шёяюы№чютрЄ№ хую яЁш ёюяєЄёЄтє■∙хщ ёхЁфхўэющ шыш ыхуюўэющ эхфюёЄрЄюўэюёЄш.\r\n╧юърчрэш :\r\n\r\nюяхЁрЎшш эр сЁ■°эющ яюыюёЄш ш юЁурэрї ьрыюую Єрчр, т Єюь ўшёых ъхёрЁхтю ёхўхэшх;\r\nтхэЄЁры№э√х тяЁртшь√х уЁ√цш;\r\nюяє∙хэшх тэєЄЁхээшї юЁурэют;\r\nяюёыхЁюфютющ яхЁшюф;\r\nёюёЄю эшх яюёых ышяюёръЎшш.", "price": 222, "image": "photos/2022/08/23/√√√_9gdrKdy.png", "art": "┴╧-111", "subcategory": 10}}, {"model": "ortopediya.product", "pk": 8, "fields": {"name": "╤юыхтр  ырьяр Wonder Life \"╤ърыр-╥┼╒═╬\"", "description": "╚чуюЄютыхэр шч яЁшЁюфэющ ърьхээющ ёюыш. ╦рьяр шьххЄ ЇюЁьє ёъры√. ╠рЄхЁшры яырЇюэр ырья√ - эрЄєЁры№эр  ърьхээр  ёюы№ шч ╧ръшёЄрэр. ╤юы№ т їюыюфэюь ёюёЄю эшш юсырфрхЄ ёяюёюсэюёЄ№■ яюуыю∙рЄ№ тырує шч тючфєїр, р яЁш эруЁхтх т√фхы Є№ тырує. ╚ёЄюўэшъюь ётхЄр т ырьях ёыєцшЄ ¤ыхъЄЁшўхёър  ырьяюўър (тїюфшЄ т ъюьяыхъЄ). ╦рьяр шьххЄ Ёхчшэют√х юяюЁ√.\r\n\r\n╤юыхтр  ырьяр ёЄрэхЄ эх Єюы№ъю яЁхъЁрёэ√ь ¤ыхьхэЄюь шэЄхЁ№хЁр, эю ш ь уъшь яЁшЁюфэ√ь шюэшчрЄюЁюь, ъюЄюЁ√щ яЁшэхёхЄ т тр° фюь ъЁрёюЄє, урЁьюэш■ ш чфюЁют№х.", "price": 1230, "image": "photos/2022/08/23/єєє.jpg", "art": "SLL-12013-╧", "subcategory": 34}}, {"model": "ortopediya.product", "pk": 9, "fields": {"name": "╧юфє°ър рэрЄюьшўхёър  яюф уюыютє (ё т√хьъющ яюф яыхўю) фы  тчЁюёы√ї Comfortline", "description": "╬ёэютэ√х ётющёЄтр:\r\nюсхёяхўштрхЄ Їшчшюыюушўхёъш яЁртшы№эюх яюыюцхэшх °хш ш уюыют√\r\nєсшЁрхЄ їЁря, хёыш юэ ёт чрэ ё эрЁє°хэшхь ф√їрэш \r\nёэшьрхЄ ь√°хўэ√х ёярчь√ ш эряЁ цхэшх\r\nэх ёфртыштрхЄ ъЁєяэ√х ёюёєф√, ъЁют№ ш ъшёыюЁюф яюёЄєяр■Є яюыэюЎхээю\r\nяЁюЇшыръЄшър чрсюыхтрэшщ яючтюэюўэшър\r\n┬ Ёхчєы№ЄрЄх шёяюы№чютрэш  Ёютэр  юёрэър, чфюЁют√щ ёюэ ш ўєтёЄтю сюфЁюёЄш ё єЄЁр\r\n╧юърчрэш  ъ яЁшьхэхэш■:\r\n═рЁє°хэшх ёэр, схёёюэшЎр\r\n├юыютэ√х сюыш, сюыш т °хх\r\n═рышўшх їЁряр\r\n╧ЁюЇшыръЄшър чрсюыхтрэшщ яючтюэюўэшър\r\n╥Ёрть√ °хщэюую юЄфхыр яючтюэюўэшър\r\n╩юьяыхъёэюх ыхўхэшх чрсюыхтрэшщ °хш, яючтюэюўэшър\r\n╩ръ яюфюсЁрЄ№ эєцэ√щ ЁрчьхЁ яюфє°ъш?\r\n╬ўхэ№ трцэю, ўЄюс√ яюфє°ър яюфїюфшыр яю ЁрчьхЁє. ╬ЁЄюяхфшўхёъє■ яюфє°ъє яюфсшЁр■Є шэфштшфєры№эю яю фышэх эрфяыхў№  ш шэфштшфєры№э√ї яЁхфяюўЄхэшщ:\r\n─ы  ьєцўшэ ш эр °шЁюъшх яыхўш, р Єръцх фы  Єхї, ъЄю ёяшЄ эр сюъє, эхюсїюфшь трышъ 13 - 14 ёь (ЁрчьхЁ L)\r\n─ы  фЁєушї Ц 10 Ц 12 ёь (ЁрчьхЁ S шыш M)\r\n┬ючьюцхэ шэфштшфєры№э√щ яхЁшюф рфряЄрЎшш\r\n╤юёЄрт ш ъюьяыхъЄрЎш :\r\nэряюыэшЄхы№ Ц т√ёюъю¤ырёЄшўэ√щ яхэюяюышєЁхЄрэ\r\nўхїюы Ц 80% їыюяюъ\r\nэртюыюўър Ц 100% їыюяюъ\r\n─юяєёърхЄё  юЄъыюэхэшх юЄ урсрЁшЄэ√ї ЁрчьхЁют яюфє°ъш эх сюыхх ўхь эр 10%", "price": 4100, "image": "photos/2022/08/24/єєєє.jpg", "art": "CL-200", "subcategory": 27}}, {"model": "ortopediya.product", "pk": 10, "fields": {"name": "└яяышърЄюЁ ╦ яъю л┬рышъ ╙эштхЁёры№э√щ╗", "description": "└яяышърЄюЁ√ ЁрчЁрсюЄрэ√ тЁрўюь ЁхЇыхъёюЄхЁряхтЄюь ╦ яъю ═.├. ╟р юёэютє тч Є ъшЄрщёъшщ ьхЄюф тючфхщёЄтш  эр сшюыюушўхёъш ръЄштэ√х Єюўъш ш чюэ√ яєўъюь шуы шч Ёрчышўэ√ї ьхЄрыыют ш ьхЄрыышўхёъшї яюъЁ√Єшщ (ьхфш, Ўшэър, цхыхчр, эшъхы , ёхЁхсЁр), юЁшушэры№эю Ёрёяюыюцхээ√ї т юяЁхфхыхээюь яюЁ фъх эр Ёхчшэютющ юёэютх.\r\n\r\n╠хїрэшчь фхщёЄтш :\r\n\r\n╨хЇыхъЄюЁэю-ьхїрэшўхёъюх фхщёЄтшх: тъы■ўрхЄ яютхЁїэюёЄэюх ьэюцхёЄтхээюх шуыюєъры√трэшх ш ьрёёрц (ьхїрэшўхёъюх тючфхщёЄтшх). ╨хЇыхъЄюЁэюх тючфхщёЄтшх шуы яЁш яютхЁїэюёЄэюь ьэюцхёЄтхээюь шуыюєъры√трэшш яЁшїюфшЄё  эр ръЄштэ√х Єюўъш ърэрыют (ЁхЎхяЄюЁ√) ш т√ч√трхЄ  ЁхръЎш■, т√Ёрцр■∙є■ё  т шчьхэхэшш ъЁютхэряюыэхэш  єўрёЄър ъюцш, ЄхьяхЁрЄєЁ√ ш ўєтёЄтшЄхы№эюёЄш.\r\n\r\n╧ЁюшёїюфшЄ ьюсшышчрЎшш ЁхёєЁёют юЁурэшчьр фы  эхьхфыхээюую фхщёЄтш : с√ёЄЁю єёшыштрхЄё  фх Єхы№эюёЄ№ ёхЁфхўэю-ёюёєфшёЄющ ёшёЄхь√, яхЁхЁрёяЁхфхы хЄё  ъЁютюёэрсцхэшх, ш ъЁют№ эряЁрты хЄё  т эршсюыхх трцэ√х т фрээ√щ ьюьхэЄ юЁурэ√ ш Єърэш; т ъЁют№ яюёЄєяр■Є тх∙хёЄтр, ёяюёюсэ√х т√фхы Є№ сюы№°х ¤эхЁушш, фюёЄрты Є№ сюы№°х ъшёыюЁюфр, єёшыштрЄ№ єёЄющўштюёЄ№ юЁурэшчьр ъ ярЄюыюушўхёъшь ЇръЄюЁрь.", "price": 1250, "image": "photos/2022/08/24/3-17.jpg", "art": "1713", "subcategory": 30}}, {"model": "ortopediya.product", "pk": 11, "fields": {"name": "╤Єхы№ъш ╦ яъю", "description": "╤Єхы№ъш ╦ яъю фы  эюу ёючфрэ√ фы  ¤ъёяЁхёё тючфхщёЄтш  эр ЁхЇыхъЄюЁэ√х Єюўъш юЁурэшчьр, Ёрёяюыюцхээ√х эр яюфю°трї эюу. ─юёЄрЄюўэю яюёЄю Є№ эр ёЄхы№ърї 10 ьшэєЄ (эряЁшьхЁ, тю тЁхь  ўшёЄъш чєсют ш єь√трэш ), ўЄю с√ яюыєўшЄ№ чрЁ ф сюфЁюёЄш эр тхё№ фхэ№. ╬уЁюьэ√ь ёяЁюёюь яюы№чє■Єё  фрээ√х ряяышърЄюЁ√ є ы■фхщ ёЄю ўшї яЁюЇхёёшщ (юїЁрэр, ярЁшъьрїхЁ√, ъюэфєъЄюЁр, юЇшЎшрэЄ√).\r\n┴ыруюфрЁ  ёЄюысшърь, Ёрёяюыюцхээ√ь ьхцфє шуырьш ш ьрыхэ№ъюьє ЁрёёЄю эш■ ьхцфє эшьш, эр ёЄхы№ъш ьюцэю тёЄртрЄ№ тёхь тхёюь, тъырф√трЄ№ шї т Єряюўъш ш їюфшЄ№ ё эшьш.\r\n\r\n─ы  юсЁрсюЄъш ёЄюя яюыюцшЄх ёЄхы№ъш эр яюы шыш т Єряюўъш ш тёЄрэ№Єх эр эшї. ╠юцэю яЁюшчтюфшЄ№ ряяышърЎш■ ёшф , эряЁшьхЁ, тю тЁхь  яЁюёьюЄЁр ЄхыхтшчюЁр, яЁюёЄю яюёЄртшт эюуш эр ёЄхы№ъш.\r\n\r\n╤Єхы№ъш ьюцэю шёяюы№чютрЄ№ фы  юсЁрсюЄъш фЁєушї яыюёъшї яютхЁїэюёЄхщ Єхыр (ёяшэр, сЁ■°эр  яюыюёЄ№, уЁєф№), эю ¤ЇЇхъЄштэюёЄ№ шї эрьэюую ьхэ№°х, ўхь ъютЁшър ╦ яъю.", "price": 1234, "image": "photos/2022/08/24/1037042401.png", "art": "-", "subcategory": 30}}, {"model": "ortopediya.product", "pk": 13, "fields": {"name": "╧юфє°ър юЁЄюяхфшўхёър  ё ярь Є№■ ш т√хьъющ", "description": "╩юьЇ-╬ЁЄ ╩ 800 Ц єфюсэр  рэрЄюьшўхёър  яюфє°ър фы  ёэр ш юЄф√їр.\r\n\r\n╧юфє°ър юсхёяхўштрхЄ ЁрчуЁєчъє яючтюэюўэшър, ЁхыръёрЎш■ ь√°Ў ш ёт чюъ °хш, ёяюёюсёЄтєхЄ ъюьЇюЁЄэюьє ёэє ш фрЁшЄ ўєтёЄтю сюфЁюёЄш ш їюЁю°хх эрёЄЁюхэшх яюёых яЁюсєцфхэш .\r\n\r\n╧юърчрэш  ъ яЁшьхэхэш■:\r\n╧юфє°ър шёяюы№чєхЄё  фы  ыхўхэш  ш яЁюЇшыръЄшъш ЁрчтшЄш  юёЄхюїюэфЁючр, уЁ√ц ьхцяючтюэъют√ї фшёъют, ёяюэфшыюрЁЄЁючют, ъюЁх°ъют√ї ёшэфЁюьют, яыхўх-ыюярЄюўэюую яхЁшрЁЄЁшЄр, ьшуЁхэхщ, схёёюээшЎ√, яют√°хээюую рЁЄхЁшры№эюую фртыхэш , Ёрчышўэ√ї эрЁє°хэшщ юёрэъш.\r\n\r\n╬ЄышўшЄхы№э√х юёюсхээюёЄш:\r\n╧юфє°ър ╩ 800 т√яюыэхэр шч ёяхЎшры№эюую т чъю¤ырёЄшўэюую ьрЄхЁшрыр, ъюЄюЁ√щ яЁш эруЁхтрэшш ўхыютхўхёъшь Єхыюь ёЄрэютшЄё  сюыхх ь уъшь ш яЁшэшьрхЄ ЇюЁьє фрт ∙хую Єхыр, юъЁєцр■∙шщ ьрЄхЁшры яЁш ¤Єюь юёЄрхЄё  сюыхх єяЁєушь. ╟р ёўхЄ ¤Єюую ¤ЇЇхъЄр фюёЄшурхЄё  ёэшцхэшх эруЁєчъш эр ь√°хўэю-ёт чюўэ√щ ряярЁрЄ °хш ш лтюЁюЄэшъютющ чюэ√╗. ┬ ъюэёЄЁєъЎшш фрээюую шчфхыш  яЁхфєёьюЄЁхэ ёяхЎшры№э√щ ўхїюы, т√яюыэхээ√щ шч їыюяўрЄюсєьрцэющ Єърэш. ╧юфє°ър ёяюёюсёЄтєхЄ яюффхЁцрэш■ яЁртшы№эюую яюыюцхэш  °хщэюую юЄфхыр яючтюэюўэшър є яюфЁюёЄъют ш тчЁюёы√ї. ╩юэёЄЁєъЎш  фрээющ яюфє°ъш урЁьюэшўэю єўшЄ√трхЄ тёх тючьюцэ√х рэрЄюьшўхёъшх ш Їшчшюыюушўхёъшх юёюсхээюёЄш °хщэюую юЄфхыр. ╥ръцх сыруюфрЁ  ёяхЎшры№эющ ъюэёЄЁєъЎшш фрээр  яюфє°ър ЇюЁьшЁєхЄ рэрЄюьшўхёъш тхЁэ√щ шчушс °хщэюую юЄфхыр яючтюэюўэшър ўхыютхър тю тЁхь  ёэр ъръ эр ёяшэх, Єръ ш эр сюъє, ўЄю Єръцх юсєёыютыхэю ётющёЄтрьш ьрЄхЁшрыр.", "price": 1230, "image": "photos/2022/08/26/eee.jpg", "art": "╩-800 тчЁ/ярь/т√хьър", "subcategory": 27}}, {"model": "ortopediya.product", "pk": 14, "fields": {"name": "╧юфє°ър юЁЄюяхфшўхёър  ё ¤ЇЇхъЄюь ярь Єш Fosta", "description": "╩юьЇ-╬ЁЄ ╩ 800 Ц єфюсэр  рэрЄюьшўхёър  яюфє°ър фы  ёэр ш юЄф√їр.\r\n\r\n╧юфє°ър юсхёяхўштрхЄ ЁрчуЁєчъє яючтюэюўэшър, ЁхыръёрЎш■ ь√°Ў ш ёт чюъ °хш, ёяюёюсёЄтєхЄ ъюьЇюЁЄэюьє ёэє ш фрЁшЄ ўєтёЄтю сюфЁюёЄш ш їюЁю°хх эрёЄЁюхэшх яюёых яЁюсєцфхэш .<br>\r\n\r\n<b>╧юърчрэш  ъ яЁшьхэхэш■:</b><br>\r\n╧юфє°ър шёяюы№чєхЄё  фы  ыхўхэш  ш яЁюЇшыръЄшъш ЁрчтшЄш  юёЄхюїюэфЁючр, уЁ√ц ьхцяючтюэъют√ї фшёъют, ёяюэфшыюрЁЄЁючют, ъюЁх°ъют√ї ёшэфЁюьют, яыхўх-ыюярЄюўэюую яхЁшрЁЄЁшЄр, ьшуЁхэхщ, схёёюээшЎ√, яют√°хээюую рЁЄхЁшры№эюую фртыхэш , Ёрчышўэ√ї эрЁє°хэшщ юёрэъш.<br>\r\n\r\n<b>╬ЄышўшЄхы№э√х юёюсхээюёЄш:</b><br>\r\n╧юфє°ър ╩ 800 т√яюыэхэр шч ёяхЎшры№эюую т чъю¤ырёЄшўэюую ьрЄхЁшрыр, ъюЄюЁ√щ яЁш эруЁхтрэшш ўхыютхўхёъшь Єхыюь ёЄрэютшЄё  сюыхх ь уъшь ш яЁшэшьрхЄ ЇюЁьє фрт ∙хую Єхыр, юъЁєцр■∙шщ ьрЄхЁшры яЁш ¤Єюь юёЄрхЄё  сюыхх єяЁєушь. ╟р ёўхЄ ¤Єюую ¤ЇЇхъЄр фюёЄшурхЄё  ёэшцхэшх эруЁєчъш эр ь√°хўэю-ёт чюўэ√щ ряярЁрЄ °хш ш лтюЁюЄэшъютющ чюэ√╗. ┬ ъюэёЄЁєъЎшш фрээюую шчфхыш  яЁхфєёьюЄЁхэ ёяхЎшры№э√щ ўхїюы, т√яюыэхээ√щ шч їыюяўрЄюсєьрцэющ Єърэш. ╧юфє°ър ёяюёюсёЄтєхЄ яюффхЁцрэш■ яЁртшы№эюую яюыюцхэш  °хщэюую юЄфхыр яючтюэюўэшър є яюфЁюёЄъют ш тчЁюёы√ї. ╩юэёЄЁєъЎш  фрээющ яюфє°ъш урЁьюэшўэю єўшЄ√трхЄ тёх тючьюцэ√х рэрЄюьшўхёъшх ш Їшчшюыюушўхёъшх юёюсхээюёЄш °хщэюую юЄфхыр. ╥ръцх сыруюфрЁ  ёяхЎшры№эющ ъюэёЄЁєъЎшш фрээр  яюфє°ър ЇюЁьшЁєхЄ рэрЄюьшўхёъш тхЁэ√щ шчушс °хщэюую юЄфхыр яючтюэюўэшър ўхыютхър тю тЁхь  ёэр ъръ эр ёяшэх, Єръ ш эр сюъє, ўЄю Єръцх юсєёыютыхэю ётющёЄтрьш ьрЄхЁшрыр.<br>\r\n\r\n<b>╨хъюьхэфрЎшш яю єїюфє:</b><br>\r\n═хюсїюфшью ёЄшЁрЄ№ фрээюх шчфхышх тЁєўэє■ т Єхяыющ тюфх (эх сюыхх 30░╤), ё шёяюы№чютрэшхь ∙рф ∙шї т√ёюъюърўхёЄтхээ√ї ью■∙шї ёЁхфёЄт. ╤є°шЄ№ шчфхышх эхюсїюфшью т ЁрёяЁртыхээюь тшфх, схч шёяюы№чютрэш  эруЁхтрЄхы№э√ї яЁшсюЁют.", "price": 1230, "image": "photos/2022/08/26/erer.jpg", "art": "F 8020m", "subcategory": 27}}, {"model": "ortopediya.product", "pk": 15, "fields": {"name": "╧юфє°ър ё уЁхўшїющ", "description": "╬ўш∙хээр  уЁхўэхтр  ыєчур шьххЄ ЇюЁьє яшЁрьшфъш, сыруюфрЁ  ўхьє ётюсюфэю яЁюяєёърхЄ тючфєї, тяшЄ√трхЄ шчыш°э■■ тырує ш яюффхЁцштрхЄ юяЄшьры№эє■ ЄхьяхЁрЄєЁє. ╦єчур ёюфхЁцшЄ эрЄєЁры№э√х ¤ЇшЁэ√х ьрёыр, яюьюур■∙шх єыєў°шЄ№ ЁрсюЄє ф√їрЄхы№эющ ёшёЄхь√.\r\n╬ёэютэ√х яЁхшьє∙хёЄтр:\r\n- ┬ючфєїюяЁюэшЎрхьюёЄ№.  \r\n═ряюыэшЄхы№ яЁхфёЄрты хЄ ёюсющ уЁхўэхтє■ ыєчує, ъюЄюЁр  юёЄрхЄё  яюёых ёяхЎшры№эющ юўшёЄъш чхЁхэ. ╬эр яЁшюсЁхЄрхЄ ЇюЁьє яшЁрьшф√. ▌Єю яючтюы хЄ хщ юЄышўэю яЁюяєёърЄ№ тючфєї.\r\n\r\n- ╠рёёрцэ√щ ¤ЇЇхъЄ.\r\n╧юфтшцэ√х ўрёЄшЎ√ эряюыэшЄхы  юсхёяхўштр■Є ьрёёрцэ√щ ¤ЇЇхъЄ, тюёёЄрэртыштр  ЎшЁъєы Ўш■ ъЁютш.\r\n\r\n- ╩юьЇюЁЄ. \r\n┬√ ьюцхЄх ёрьюёЄю Єхы№эю шчьхэ Є№ ЇюЁьє чр ёўхЄ яюфтшцэюёЄш эряюыэшЄхы , ўЄю фрхЄ тючьюцэюёЄ№ яЁшэшьрЄ№ эршсюыхх ъюьЇюЁЄэюх яюыюцхэшх, Єхь ёрь√ь ёэшцр  эруЁєчъє ё яючтюэъют ш ь√°Ў.\r\n\r\n- ▌ъюыюушўэюёЄ№. \r\n┬ ърўхёЄтх ё√Ё№  т эр°хщ яюфє°ъх т√ёЄєярхЄ эрЄєЁры№эр  °хыєїр уЁхўшїш. ╪хыєїє яЁхфтрЁшЄхы№эю Є∙рЄхы№эю юЄ°ышЇют√тр■Є. ┬ Єръющ яюфє°ъх эшъюуфр эх чртхфєЄё  я√ыхт√х ъых∙ш, Єръ ъръ юэр т√яюыэхэр шч ¤ъюыюушўхёъш ўшёЄюую яЁшЁюфэюую ьрЄхЁшрыр. ┬ эхщ эх эръряыштрхЄё  ш я√ы№.\r\n\r\n- ╥хЁьюЁхуєы Ўш . \r\n╚чфхышх эх ёюїЁрэ хЄ ш эх юЄфрхЄ Єхяыю, яю¤Єюьє ёярЄ№ эр эхь юўхэ№ ъюьЇюЁЄэю Ц эх їюыюфэю ш эх црЁъю.", "price": 12300, "image": "photos/2022/08/26/хъ.png", "art": "O-543I-1", "subcategory": 27}}, {"model": "ortopediya.product", "pk": 16, "fields": {"name": "╧юфя Єюўэшъ ёшышъюэют√щ protect.HEEL soft ь уъшщ", "description": "╧Ёш Ёрчышўэ√ї чрсюыхтрэш ї ёєёЄртют ш ёєїюцшышщ я Єюўэющ юсырёЄш трцэю ЁрчуЁєчшЄ№ яЁюсыхьэ√щ єўрёЄюъ. ─ы  ¤Єюую с√ы ёючфрэ ь уъшщ ёшышъюэют√щ яюфя Єюўэшъ protect.HEEL soft. ╬э ёэшьрхЄ єфрЁэє■ эруЁєчъє эр уюыхэюёЄюяэ√щ ш ъюыхээ√щ ёєёЄрт√, чр ёўхЄ ¤Єюую ёэшцр  сюыхтющ ёшэфЁюь. ╠ уър  тёЄртър тэєЄЁш юърч√трхЄ ьрёёрцэ√щ ¤ЇЇхъЄ.<br><br>\r\n\r\n<b>╧юърчрэш  ъ яЁшьхэхэш■:</b><br>\r\n\r\n- ┴юыш т рїшыыютюь ёєїюцшышш ш ёєьъх рїшыыютр ёєїюцшыш  (рїшыыюфшэш );<br>\r\n- ╧ Єюўэр  °яюЁр;<br>\r\n- └ЁЄЁюч уюыхэюёЄюяэюую ёєёЄртр;<br>\r\n- ╥хэфшэюярЄш  яЁш яютЄюЁэ√ї ЁрёЄ цхэш ї.<br><br>\r\n┬ ёюёЄрт ьрЄхЁшрыр шчфхыш  тїюф Є ьшэхЁры№э√х ьрёыр, ёяюёюсёЄтє■∙шх єёЄЁрэхэш■ яЁюсыхь ъюцш. ╠хфшЎшэёъшщ ёшышъюэ, шч ъюЄюЁюую шчуюЄютыхэю шчфхышх, эх ёъюы№чшЄ, схчюярёхэ фы  ъюцш ш ыхуъю ьюхЄё .", "price": 1230, "image": "photos/2022/08/27/ert.png", "art": "P791 - 1", "subcategory": 4}}, {"model": "ortopediya.product", "pk": 17, "fields": {"name": "╠хцяры№Ўхт√х яхЁхуюЁюфъш ёшышъюэют√х ╥Ёштхё", "description": "╠хцяры№Ўхт√х ёшышъюэют√х тъырф√°ш ╤╥-31 яЁшьхэ ■Єё  ъръ ъюЁЁхушЁє■∙хх тъырфэюх яЁшёяюёюсыхэшх, Ёрёяюырурхьюх ьхцфє яры№Ўрьш ёЄєяэш. \r\n╧Ёхфэрчэрўхэ√ фы  єьхэ№°хэш  фртыхэш  ьхцфє яхЁт√ь ш тЄюЁ√ь яры№Ўрьш ёЄюя√, юЄтхфхэш  яхЁтюую яры№Ўр ёЄюя√, Ёрчфхыхэш  фхЇюЁьшЁютрээ√ї яры№Ўхт.\r\n╚чуюЄютыхэ√ шч ¤ъюыюушўхёъш ўшёЄюую, эх т√ч√тр■∙хую рыыхЁушўхёъшї ЁхръЎшщ ёшышъюэр.<br>\r\n<b>╧юърчрэш :</b><br>\r\n- ╚ёяЁртыхэшх єёЄрэютъш яхЁтюую яры№Ўр яЁш Hallux valgus<br>\r\n- ╠юыюЄъююсЁрчэ√х яры№Ў√<br>\r\n- ╠ючюыш ш яюЄхЁЄюёЄш ьхцфє яры№Ўрьш ёЄюя√<br>\r\n\r\n<b>╨хчєы№ЄрЄ яЁшьхэхэш :</b><br>\r\n- ╙ьхэ№°хэшх фртыхэш  ьхцфє яхЁт√ь ш тЄюЁ√ь яры№Ўрьш ёЄюя√\r\n- ╬Єтхфхэшх яхЁтюую яры№Ўр ёЄюя√\r\n- ╨рчфхыхэшх фхЇюЁьшЁютрээ√ї яры№Ўхт", "price": 1230, "image": "photos/2022/08/27/хъє.png", "art": "╤╥-31", "subcategory": 4}}, {"model": "ortopediya.product", "pk": 18, "fields": {"name": "╩юЁЁшушЁє■∙хх яЁшёяюёюсыхэшх фы  яры№Ўхт эюу яЁш HALLUX VALGUS", "description": "┴рэфрц фы  сюы№°юую яры№Ўр ёЄюя√ Hallux Valgus Combo Comfort яЁшьхэ хЄё  яЁш тры№уєёэющ фхЇюЁьрЎшш яхЁтюую яры№Ўр ёЄюя√ (Hallux valgus).<br>\r\n<b>╬ёюсхээюёЄш:</b><br>\r\n- ▌ырёЄшўэр  ыхэЄр сюыхх фышээр , юсюЁрўштрхЄё  эрф ыюф√църьш.<br> \r\n- ╬с·хь ыхуъю ЁхуєышЁєхЄё  ё яюью∙№■ чрёЄхцъш \"тхыъЁю\".<br>\r\n- ┴рэфрц ьюцэю шёяюы№чютрЄ№ эюў№■: ъюэёЄЁєъЎш  эх фюяєёърхЄ ёюёъры№ч√трэш  тю тЁхь  ёэр.<br>\r\n<b>╧юърчрэш :</b><br>\r\n- ┬ры№уєёэр  фхЇюЁьрЎш  яхЁтюую яры№Ўр ёЄюя√ (Hallux valgus) яЁш тючьюцэюёЄш ярёёштэющ ъюЁЁхъЎшш.<br>\r\n<b>╨хчєы№ЄрЄ яЁшьхэхэш :</b><br>\r\n- ▌ырёЄшўэр  ыхэЄр юЄтюфшЄ сюы№°ющ ярыхЎ тэєЄЁш, тючтЁр∙р  хую т яЁртшы№эюх яюыюцхэшх.<br>\r\n- ╤яюёюсёЄтєхЄ тюёёЄрэютыхэш■ эюЁьры№эющ ЁрсюЄ√ ь√°Ў ёЄюя√. <br>\r\n- ╙ьхэ№°рхЄ сюыхтющ ёшэфЁюь.<br>\r\n- ╟рьхфы хЄ яЁюуЁхёёшЁютрэшх фхЇюЁьрЎшш. <br>", "price": 1230, "image": "photos/2022/08/27/tre.png", "art": "Ottobock 510", "subcategory": 4}}, {"model": "ortopediya.product", "pk": 19, "fields": {"name": "┴рэфрц ЄрчюсхфЁхээ√щ medi orthocox", "description": "╥рчюсхфЁхээ√щ срэфрц medi orthocox юърцхЄ ¤ЇЇхъЄштэє■ яюью∙№ яюёых ¤эфюяЁюЄхчшЁютрэш  схфЁр, юёЄхюЄюьшш, юёЄхюёшэЄхчр ЄрчюсхфЁхээюую ёєёЄртр, ъюуфр ЄЁхсєхЄё  юуЁрэшўхэшх эрЁєцэющ ЁюЄрЎшш эхяюёЁхфёЄтхээю яюёых юяхЁрЎшш. ╬ърч√тр  ъюьяЁхёёшюээ√щ ¤ЇЇхъЄ, срэфрц єьхэ№°рхЄ тхЁю ЄэюёЄ№ юсЁрчютрэш  яюёыхюяхЁрЎшюээющ ухьрЄюь√ ш юЄхўэюёЄш, Єю хёЄ№ єьхэ№°рхЄ Ёшёъ юс∙хїшЁєЁушўхёъшї юёыюцэхэшщ. ┴ыруюфрЁ  ёяхЎшры№эюьє фшчрщэє тючьюцхэ ётюсюфэ√щ фюёЄєя ъ яюёыхюяхЁрЎшюээющ Ёрэх фы  юёьюЄЁр шыш яхЁхт чюъ.<br><br>\r\n\r\n<b>╧юърчрэш  ъ яЁшьхэхэш■:</b><br>\r\n\r\n- ╥юЄры№эюх ¤эфюяЁюЄхчшЁютрэшх ЄрчюсхфЁхээюую ёєёЄртр;<br>\r\n- ╠хцтхЁЄхы№эр  юёЄхюЄюьш ;<br>\r\n- ╚эЄЁрьхфєыы Ёэ√щ юёЄхюёшэЄхч ўЁхчтхЁЄхы№э√ї яхЁхыюьют схфЁр.<br><br>\r\n╠шъЁюяюЁшёЄ√щ тючфєїюяЁюэшЎрхь√щ ьрЄхЁшры ьрэцхЄ√ юсхёяхўштрхЄ ъюьЇюЁЄ яЁш шёяюы№чютрэшш т Єхўхэшх тёхую фэ . ─ы  яЁюёЄюЄ√ эрфхтрэш  т срэфрцх яЁхфєёьюЄЁхэ√ яхЄыш фы  Ёєъ. ▀Ёы√ъ Ёрёяюыюцхэ эр тэх°эхщ ёЄюЁюэх шчфхыш , ўЄюс√ шёъы■ўшЄ№ ЁрчфЁрцхэшх ъюцш.", "price": 1230, "image": "photos/2022/08/27/rty.png", "art": "873 - S", "subcategory": 18}}, {"model": "ortopediya.product", "pk": 20, "fields": {"name": "╩юыхээ√щ срэфрц ъюьяЁхёёшюээ√щ ё ёшышъюэют√ь ъюы№Ўюь", "description": "- ╩юыхээ√щ срэфрц шчуюЄютыхэ яю схё°ютэющ Єхїэюыюушш юс·хьэющ т чъш ёюуырёэю рэрЄюьшўхёъшь юёюсхээюёЄ ь ъюыхээюую ёєёЄртр;<br>\r\n- ╬яЄшьры№эю юсыхурхЄ ёєёЄрт, яЁртшы№эю ЁрёяЁхфхы   фртыхэшх;<br>\r\n- ┬ючфєїю- ш тыруюяЁюэшЎрхьр  Єърэ№ юсхёяхўштрхЄ фюяюыэшЄхы№э√щ ъюьЇюЁЄ яЁш фышЄхы№эюь шёяюы№чютрэшш;<br>\r\n- Cшышъюэютюх ъюы№Ўю ютры№эющ ЇюЁь√ яыюЄэю юїтрЄ√трхЄ ъюыхээє■ ўр°хўъє, ёЄрсшышчшЁє  ъюыхээ√щ ёєёЄрт;<br>\r\n- ═х юуЁрэшўштрхЄ фтшцхэш  т ёєёЄртх т Їшчшюыюушўхёъюь юс·хьх, эх ёъюы№чшЄ, єёЄющўшт ъ ЁрёЄ цхэш■, фюыую ёюїЁрэ хЄ ётю■ ЇюЁьє.<br><br>\r\n\r\n<b>╘єэъЎшш:</b><br>\r\n- ╦хуър  ЇшъёрЎш  ш ъюьяЁхёёш  ъюыхээюую ёєёЄртр;<br> \r\n- CЄрсшышчрЎш  эрфъюыхээшър єыєў°хэшх ъЁютююсЁр∙хэш ;<br>\r\n- ╤эшцхэшх юЄхўэюёЄш чр ёўхЄ ъюьяЁхёёшюээюую тючфхщёЄтш  эр юсырёЄ№ ёєёЄртр", "price": 123, "image": "photos/2022/08/28/хъєєє.png", "art": "╥.44.05 (╥-8520)", "subcategory": 19}}, {"model": "ortopediya.product", "pk": 21, "fields": {"name": "┴рэфрц ъюьяЁхёёшюээ√щ эр уюыхэюёЄюя", "description": "╬яшёрэшх:юЁЄхч уюыхэюёЄюяэ√щ шчуюЄютыхэ шч срэфрцэющ Ёхчшэ√; ёэрсцхэ ъюэЄръЄэющ ыхэЄющ Ч чрёЄхцър л┬хыъЁю╗<br>\r\n\r\n╘єэъЎшш уюыхэюёЄюяэюую юЁЄхчр: ыхуър  ЇшъёрЎш  ш ъюьяЁхёёш  уюыхэюёЄюяэюую ёєёЄртр.<br><br>\r\n\r\n<b>╧юърчрэш  ъ яЁшьхэхэш■:</b><br>\r\n- ╫рёЄшўэ√х яютЁхцфхэш  ёт чюъ уюыхэюёЄюяэюую ёєёЄртр;<br>\r\n- ╧ЁюЇшыръЄшър ЄЁрть уюыхэюёЄюяэюую ёєёЄртр яЁш чрэ Єш ї ёяюЁЄюь ш шэЄхэёштэ√ї Їшчшўхёъшї эруЁєчърї;<br>\r\n- ┬юёярышЄхы№э√х чрсюыхтрэш  ёєёЄртр.", "price": 1230, "image": "photos/2022/08/28/qwer.png", "art": "Є-8611", "subcategory": 20}}, {"model": "ortopediya.product", "pk": 22, "fields": {"name": "┴рэфрц эр яыхўхтющ ёєёЄрт ▌ъюЄхэ ъюё√эър", "description": "- ┬ючфєїю- ш тыруюяЁюэшЎрхь√щ ьрЄхЁшры;<br>\r\n- ╠ уър  ьрэцхЄр эр яыхўхтюь Ёхьэх;<br>\r\n- ╧хЄхы№ър фы  сюы№°юую яры№Ўр Ёєъш фы  сюыхх ъюьЇюЁЄэюую шёяюы№чютрэш  ъюё√эъш;<br>\r\n- ╨хуєышЁєхьр  фышэр Ёхьэ ;<br>\r\n- ╙эштхЁёры№э√щ, яюфїюфшЄ фы  ыхтющ ш яЁртющ Ёєъш;<br>\r\n- ─юяюыэшЄхы№эр  ыхэЄр фы  ЇшъёрЎшш ъ Єєыютш∙є.<br><br>\r\n\r\n<b>╧юърчрэш  ъ яЁшьхэхэш■:</b><br>\r\n- ╧юффхЁцър яЁш яхЁхыюьрї Ёєъш;<br>\r\n- ╧юфт√тшїш, т√тшїш яыхўр;<br>\r\n- ╙°шс√ яыхўр, яЁхфяыхў№ , ъшёЄш;<br>\r\n- ╫рёЄшўэ√х яютЁхцфхэш  ёт чюъ яыхўхтюую ёєёЄртр, ръЁюьшры№эю-ъы■ўшўэюую ёюўыхэхэш , ыюъЄхтюую ёєёЄртр.", "price": 1230, "image": "photos/2022/08/28/єєххэээ■.png", "art": "SB-03", "subcategory": 24}}, {"model": "ortopediya.product", "pk": 23, "fields": {"name": "┴рэфрц эр ыюъЄхтющ ёєёЄрт", "description": "- ╚чуюЄютыхэ яю Єхїэюыюушш яыюёъющ т чъш шч тючфєїю- ш тыруюяЁюэшЎрхьюую ЄЁшъюЄрцр;<br>\r\n- ╬яЄшьры№эю юсыхурхЄ ыюъЄхтющ ёєёЄрт, яЁртшы№эю ЁрёяЁхфхы   фртыхэшх;<br>\r\n- ┴юъют√х ёшышъюэют√х тёЄртъш ё т√Ёхчрьш фы  эрфь√∙хыъют юърч√тр■Є ъюьяЁхёёшюээюх;<br>\r\n- ┬ючфхщёЄтшх эр ь√°Ў√ яЁхфяыхў№ ;<br>\r\n- ═х юуЁрэшўштрхЄ фтшцхэш  т ёєёЄртх т Їшчшюыюушўхёъюь юс·хьх, эх ёъюы№чшЄ, єёЄющўшт ъ ЁрёЄ цхэш■, фюыую ёюїЁрэ хЄ ётю■ ЇюЁьє;<br>\r\n- ╩юьЇюЁЄхэ яЁш фышЄхы№эюь шёяюы№чютрэшш, шёъы■ўрхЄ эрЄшЁрэшх ъюцш ш эрЁє°хэш  ьшъЁюЎшЁъєы Ўшш.<br><br>\r\n\r\n<b>╘єэъЎшш:</b><br>\r\n\r\n- ╘шъёрЎш  ш фючшЁютрээр  ъюьяЁхёёш  ыюъЄхтюую ёєёЄртр ш тхЁїэхщ ЄЁхЄш яЁхфяыхў№ ;<br>\r\n- ╤Єшьєы Ўш  яЁюяЁшюЁхЎхяЄюЁют ш ръЄштшчрЎш  ЁрсюЄ√ ь√°Ў яЁхфяыхў№ ;<br>\r\n- ╙ыєў°хэшх ъЁютююсЁр∙хэш , ёэшцхэшх юЄхўэюёЄш ш эюЁьрышчрЎш  юсьхээ√ї яЁюЎхёёют чр ёўхЄ ъюьяЁхёёшюээюую ш ьрёёрцэюую тючфхщёЄтш  эр юсырёЄ№ ёєёЄртр.", "price": 123, "image": "photos/2022/08/28/єєєєъъхххххх■.png", "art": "Є-8204", "subcategory": 23}}, {"model": "ortopediya.product", "pk": 24, "fields": {"name": "┴рэфрц ыєўхчря ёЄэ√щ ╥Ёштхё", "description": "╦єўхчря ёЄэ√щ срэфрц юсхёяхўштрхЄ юяЄшьры№эє■ ъюьяЁхёёш■ ш ы╕уъє■ ЇшъёрЎш■ ёєёЄртр. ╩рўхёЄтхээ√щ ьрЄхЁшры, єэштхЁёры№эюёЄ№ яЁшьхэхэш  - эр ыхтє■ ш яЁртє■ Ёєъє, р Єръцх  Єхяыютюх ш ьрёёрцэюх тючфхщёЄтшх юсхёяхўштр■Є ёъюЁхщ°є■ ЁхрсшышЄрЎш■ ш тюёёЄрэютыхэшх ЇєэъЎшщ ёєёЄртр.<br><br>\r\n\r\n<b>╬ёюсхээюёЄш шчфхыш :</b><br>\r\n\r\n- ╠рЄхЁшры: яхЁЇюЁшЁютрээ√щ эхюяЁхэ;<br>\r\n- ╟рёЄхцър ┬хыъЁю;<br>\r\n- ╙эштхЁёры№э√щ фтєїёЄюЁюээшщ срэфрц;<br>\r\n- ╤юёЄрт ьрЄхЁшрыр: эхюяЁхэ 65%, яюыш¤ёЄхЁ 35%;<br>", "price": 1230, "image": "photos/2022/08/28/yebetnf.png", "art": "╥.36.01 (╥-8301)", "subcategory": 21}}, {"model": "ortopediya.store", "pk": 2, "fields": {"name": "╬ЁЄюяхфшўхёъшщ ёрыюэ \"╩єчэшЎр чфюЁют№ \"", "street": "╨рфш∙хтр", "map": "<div style=\"position:relative;overflow:hidden;\"><a href=\"https://yandex.ru/maps/org/kuznitsa_zdorovya/1802836512/?utm_medium=mapframe&utm_source=maps\" style=\"color:#eee;font-size:12px;position:absolute;top:0px;\">╩єчэшЎр ╟фюЁют№ </a><a href=\"https://yandex.ru/maps/195/ulyanovsk/category/orthopedic_goods/184106046/?utm_medium=mapframe&utm_source=maps\" style=\"color:#eee;font-size:12px;position:absolute;top:14px;\">╬ЁЄюяхфшўхёъшщ ёрыюэ т ╙ы№ эютёъх</a><iframe class=\"map-store\" src=\"https://yandex.ru/map-widget/v1/-/CCURf4XBCC\" frameborder=\"1\" allowfullscreen=\"true\" style=\"position:relative;\"></iframe></div>", "address": "єы. ╨рфш∙хтр, ф.25", "phone": "8-986-735-89-57", "description": "╬ЁЄюяхфшўхёъшх шчфхыш  эєцэ√ ърцфюьє, ъЄю їюўхЄ тхёЄш чфюЁют√щ юсЁрч цшчэш ш шчсртшЄ№ё  юЄ фшёъюьЇюЁЄр т Єхых. ┴√Є№ чфюЁют√ь ш юёЄртрЄ№ё  Їшчшўхёъш ръЄштэ√ь ъръ ьюцэю фюы№°х Ц ¤Єю ёютЁхьхээ√щ чряЁюё юс∙хёЄтр. ╬ЁЄюяхфшўхёъшщ ёрыюэ ╩єчэшЎр ╟фюЁют№  ё хх рёёюЁЄшьхэЄюь т ёшырї хую єфютыхЄтюЁшЄ№. ╠√ тёхуфр уюЄют√ юърчрЄ№ ┬рь яЁюЇхёёшюэры№эє■ яюью∙№ т яюфсюЁх юЁЄюяхфшўхёъшї шчфхышщ!<br><br><br>\r\n─рээ√щ ёрыюэ эрїюфшЄё  эр юёЄрэютъх \"─хЄёър  юсырёЄэр  сюы№эшЎр\"<br>\r\n<b>═юьхЁ ЄхыхЇюэр</b>: 8-902-355-84-81<br>\r\n<b>╨хцшь ЁрсюЄ:</b><br>\r\n╧э-╧Є: 9:00-19:00<br>\r\n╤с: 9:00-17:00<br>\r\n┬ё: 10:00-17:00<br>\r\n<b>╠рЁ°ЁєЄэ√х Єръёш:</b> 96, 94, 4.<br>\r\n<b>╥Ёрьтрш:</b> 22, 4.", "image": "photos/2022/08/27/ert_DPFPjlq.jpg"}}, {"model": "ortopediya.store", "pk": 3, "fields": {"name": "╬ЁЄюяхфшўхёъшщ ёрыюэ \"╩єчэшЎр чфюЁют№ \"", "street": "═рЁшьрэютр", "map": "<div style=\"position:relative;overflow:hidden;\"><a href=\"https://yandex.ru/maps/org/kuznitsa_zdorovya/57820647056/?utm_medium=mapframe&utm_source=maps\" style=\"color:#eee;font-size:12px;position:absolute;top:0px;\">╩єчэшЎр чфюЁют№ </a><a href=\"https://yandex.ru/maps/195/ulyanovsk/category/contact_lenses/184106030/?utm_medium=mapframe&utm_source=maps\" style=\"color:#eee;font-size:12px;position:absolute;top:14px;\">╩юэЄръЄэ√х ышэч√ т ╙ы№ эютёъх</a><a href=\"https://yandex.ru/maps/195/ulyanovsk/category/opticial_store/184106052/?utm_medium=mapframe&utm_source=maps\" style=\"color:#eee;font-size:12px;position:absolute;top:28px;\">╤рыюэ юяЄшъш т ╙ы№ эютёъх</a><iframe class=\"map-store\" src=\"https://yandex.ru/map-widget/v1/-/CCURf4gfpA\"  frameborder=\"1\" allowfullscreen=\"true\" style=\"position:relative;\"></iframe></div>", "address": "яЁ-Є ═рЁшьрэютр, ф.33└", "phone": "8-987-686-23-73", "description": "╬ЁЄюяхфшўхёъшх шчфхыш  эєцэ√ ърцфюьє, ъЄю їюўхЄ тхёЄш ърўхёЄтхээю ыєў°шщ юсЁрч цшчэш ш шчсртшЄ№ё  юЄ фшёъюьЇюЁЄр т Єхых. ┴√Є№ чфюЁют√ь ш юёЄртрЄ№ё  Їшчшўхёъш ръЄштэ√ь ъръ ьюцэю фюы№°х Ц ¤Єю ёютЁхьхээ√щ чряЁюё юс∙хёЄтр. ╚ьхээю ╩єчэшЎр ╟фюЁют№  ё хх рёёюЁЄшьхэЄюь ш ¤ъёяхЁЄшчющ т ёшырї хую єфютыхЄтюЁшЄ№. ╠√ тёхуфр уюЄют√ юърчрЄ№ ┬рь яЁюЇхёёшюэры№эє■ юЁЄюяхфшўхёъє■ яюффхЁцъє!", "image": "photos/2022/08/27/ert_S97Wdsn.jpg"}}, {"model": "ortopediya.store", "pk": 4, "fields": {"name": "╬ЁЄюяхфшўхёъшщ ёрыюэ \"╩єчэшЎр чфюЁют№ \"", "street": "╩шЁютр", "map": "<div style=\"position:relative;overflow:hidden;\"><a href=\"https://yandex.ru/maps/org/kuznitsa_zdorovya/15072891519/?utm_medium=mapframe&utm_source=maps\" style=\"color:#eee;font-size:12px;position:absolute;top:0px;\">╩єчэшЎр чфюЁют№ </a><a href=\"https://yandex.ru/maps/195/ulyanovsk/category/orthopedic_goods/184106046/?utm_medium=mapframe&utm_source=maps\" style=\"color:#eee;font-size:12px;position:absolute;top:14px;\">╬ЁЄюяхфшўхёъшщ ёрыюэ т ╙ы№ эютёъх</a><iframe class=\"map-store\" src=\"https://yandex.ru/map-widget/v1/-/CCURfBaexC\"  frameborder=\"1\" allowfullscreen=\"true\" style=\"position:relative;\"></iframe></div>", "address": "єы. ╩шЁютр, ф.2└", "phone": "8-986-735-89-41", "description": "╬ЁЄюяхфшўхёъшх шчфхыш  эєцэ√ ърцфюьє, ъЄю їюўхЄ тхёЄш ърўхёЄтхээю ыєў°шщ юсЁрч цшчэш ш шчсртшЄ№ё  юЄ фшёъюьЇюЁЄр т Єхых. ┴√Є№ чфюЁют√ь ш юёЄртрЄ№ё  Їшчшўхёъш ръЄштэ√ь ъръ ьюцэю фюы№°х Ц ¤Єю ёютЁхьхээ√щ чряЁюё юс∙хёЄтр. ╚ьхээю ╩єчэшЎр ╟фюЁют№  ё хх рёёюЁЄшьхэЄюь ш ¤ъёяхЁЄшчющ т ёшырї хую єфютыхЄтюЁшЄ№. ╠√ тёхуфр уюЄют√ юърчрЄ№ ┬рь яЁюЇхёёшюэры№эє■ юЁЄюяхфшўхёъє■ яюффхЁцъє!", "image": "photos/2022/08/27/ert_MRo1ytz.jpg"}}, {"model": "ortopediya.store", "pk": 5, "fields": {"name": "╬ЁЄюяхфшўхёъшщ ёрыюэ \"╩єчэшЎр чфюЁют№ \"", "street": "┴юуфрэр ╒ьхы№эшЎъюую", "map": "<div style=\"position:relative;overflow:hidden;\"><a href=\"https://yandex.ru/maps/org/kuznitsa_zdorovya/181989813061/?utm_medium=mapframe&utm_source=maps\" style=\"color:#eee;font-size:12px;position:absolute;top:0px;\">╩єчэшЎр чфюЁют№ </a><a href=\"https://yandex.ru/maps/195/ulyanovsk/category/orthopedic_goods/184106046/?utm_medium=mapframe&utm_source=maps\" style=\"color:#eee;font-size:12px;position:absolute;top:14px;\">╬ЁЄюяхфшўхёъшщ ёрыюэ т ╙ы№ эютёъх</a><iframe class=\"map-store\" src=\"https://yandex.ru/map-widget/v1/-/CCURfBqm3A\"  frameborder=\"1\" allowfullscreen=\"true\" style=\"position:relative;\"></iframe></div>", "address": "єы. ┴юуфрэр ╒ьхы№эшЎъюую, ф.13", "phone": "8-917-632-51-94", "description": "╬ЁЄюяхфшўхёъшх шчфхыш  эєцэ√ ърцфюьє, ъЄю їюўхЄ тхёЄш ърўхёЄтхээю ыєў°шщ юсЁрч цшчэш ш шчсртшЄ№ё  юЄ фшёъюьЇюЁЄр т Єхых. ┴√Є№ чфюЁют√ь ш юёЄртрЄ№ё  Їшчшўхёъш ръЄштэ√ь ъръ ьюцэю фюы№°х Ц ¤Єю ёютЁхьхээ√щ чряЁюё юс∙хёЄтр. ╚ьхээю ╩єчэшЎр ╟фюЁют№  ё хх рёёюЁЄшьхэЄюь ш ¤ъёяхЁЄшчющ т ёшырї хую єфютыхЄтюЁшЄ№. ╠√ тёхуфр уюЄют√ юърчрЄ№ ┬рь яЁюЇхёёшюэры№эє■ юЁЄюяхфшўхёъє■ яюффхЁцъє!", "image": "photos/2022/08/27/ert.jpg"}}, {"model": "ortopediya.index_product", "pk": 1, "fields": {"id_product": 2}}, {"model": "ortopediya.index_product", "pk": 2, "fields": {"id_product": 4}}, {"model": "ortopediya.index_product", "pk": 6, "fields": {"id_product": 8}}, {"model": "ortopediya.index_product", "pk": 7, "fields": {"id_product": 7}}, {"model": "ortopediya.index_product", "pk": 8, "fields": {"id_product": 9}}, {"model": "ortopediya.index_product", "pk": 9, "fields": {"id_product": 10}}, {"model": "ortopediya.articles", "pk": 1, "fields": {"name": "┴шюыюушўхёъш ръЄштэ√х Єюўъш", "article_html": "{{<div class=\"container div-background\">\r\n<div class=\"container text-center p-4 mt-2\">\r\n        <h1>╥юўъш эр ёЄюях ш эр°ш тэєЄЁхээшх юЁурэ√</h1>\r\n    </div>\r\n\r\n    <div class=\"container padding-side-article-11 justify-content-center\">\r\n        <p class=\"mb-3 about-article-text\">\r\n            ╠эюую ёЄюыхЄшщ эрчрф ы■фш чрьхЄшыш шэЄхЁхёэ√щ ЇръЄ: Єх, ъЄю ьэюую їюф Є сюёшъюь,\r\n            юс√ўэю їюЁю°ю ёхс  ўєтёЄтє■Є ш чрьхЄэю чфюЁютхх юёЄры№э√ї. ═р ёЄюярї ўхыютхър эрїюфшЄё  сюыхх\r\n            70.000 эхЁтэ√ї юъюэўрэшщ, юсЁрчє■∙шьш ЁхЇыхъёюухээ√х чюэ√, ъюЄюЁ√х ёт ч√тр■Є єўрёЄъш ёЄюя√ ё юяЁхфхыхээ√ьш\r\n            тэєЄЁхээшьш юЁурэрьш, ш ё Їшчшюыюушўхёъшьш ёшёЄхьрьш, эр яюфю°трї яЁюхъЎшюээ√х чюэ√ тэєЄЁхээшї юЁурэют\r\n            Ёрёяюыюцхэ√ юўхэ№ сышчъю фЁєу ъ фЁєує, ш шьх■Є ўхЄъшх уЁрэшЎ√.\r\n            ╨хЇыхъёюыюуш ЁрёёьрЄЁштр■Є яюфю°тє ёЄюя√ ъръ ърЁЄє ўхыютхўхёъюую Єхыр.\r\n        </p>\r\n        <p class=\"about-article-text mb-2\">\r\n\r\n            ╩рцфр  Єюўър юЄтхўрхЄ чр ётющ юЁурэ: ъюэўшъш яры№Ўхт -¤Єю эр°р уюыютр,\r\n            тхЁїэ   ўрёЄ№ ёЄюя√ ёт чрэр ё уЁєфэ√ь ш °хщэ√ь юЄфхырьш яючтюэюўэшър,\r\n            я Єъш -ё эшцэхщ ўрёЄ№■ ёяшэ√, р Єюўъш эр ётюфх ёЄюя√ тыш ■Є эр ёюёЄю эшх тэєЄЁхээшї юЁурэют.\r\n            ┬ яЁюЎхёёх ьрёёрцр ёЄюя√ ь√ ьюцхь юсэрЁєцшЄ№ сюыхт√х Єюўъш -¤Єю ёшуэры, юсЁрЄшЄ№\r\n            тэшьрэшх эр ЄюЄ юЁурэ ъюЄюЁюьє ёююЄтхЄёЄтєхЄ Єюўър. ╥юўъє\r\n            уфх юсэрЁєцшыш сюы№ эєцэю Є∙рЄхы№эю яЁю ьрёёшЁютрЄ№, эрфртыштр  эр Єюўъє ё эхсюы№°шь яЁюьхцєЄъюь тЁхьхэш.|safe}}\r\n            <img class=\"rounded responsive rightimg\"\r\n             src=\"{% static 'ortopediya/images/articles/image_for_article_1.png'%}\">\r\n            ╨хчєы№ЄрЄ тючфхщёЄтш  эр Єюўъє- шёўхчэютхэшх сюыш. ╠рёёрц ёЄюя эюЁьрышчєхЄ ЁрсюЄє эр°шї тэєЄЁхээшї юЁурэют,\r\n            ьюцэю ёэ Є№ эхЁтэюх эряЁ цхэшх, єёЄрыюёЄ№, эюЁьрышчютрЄ№ ёюэ, яюфэшьрхЄ эрёЄЁюхэшх, єыєў°рхЄ ышьЇє ш ъЁютююсЁр∙хэшх.\r\n            ╠рёёрц цхырЄхы№эю яЁютюфшЄ№ ърцф√щ фхэ№.  ╧хЁхф ьрёёрцхь ёЄюяє эєцэю Ёрчь Є№ яюїюфшЄ№ сюёшъюь, яюфэ Є№ё  эр эюёюўъш,\r\n            яюЄюяЄрЄ№ё , яЁшэ Є№ эюцэє■ трээє. ╠рёёшЁютрЄ№ ёЄєяэ■ эєцэю юсхшьш яры№Ўрьш яЁшьхэ   ъєыръш ш ъюёЄ °ъш яры№Ўхт.\r\n            ─ы  ьрёёрцр эюу юўхэ№ їюЁю°ю яЁшьхэ Є№ ъЁхь └ЁЄЁю Ч їтю , фю эрэхёхэш  ъЁхьр ьюцэю шёяюы№чютрЄ№\r\n            <a class=\"text-decoration-none\" href=\"{% url 'product' 10 %}\">трышъ єэштхЁёры№э√щ  ╦ яъю</a>, ъръ фы  ЁрчюуЁхтр ш ьрёёрцр. ┼ёыш є трё эхЄ тЁхьхэш, т√ ьюцхЄх яЁшьхэ Є№\r\n            <a class=\"text-decoration-none\" href=\"{% url 'product' 11 %}\"> ьхЄрыыюшуюы№ўрЄ√х ёЄхы№ъш ╦ яъю</a> , ъюЄюЁ√х яЁхфэрчэрўхэ√ фы  тючфхщёЄтш  эр ЁхЇыхъЄюЁэ√х чюэ√ ёЄюя√.\r\n        </p>\r\n        <div class=\"d-flex justify-content-center mt-3 mb-3\">\r\n            <img class=\"rounded text-center\"\r\n             src=\"{% static 'ortopediya/images/articles/image_for_article_1(1).png' %}\">\r\n        </div>\r\n        <p class=\"about-article-text mb-3\">\r\n            <b>╬ ў╕ь уютюЁшЄ ЄхьяхЁрЄєЁр эр°шї эюу.</b><br>\r\n            Ч ═юуш чфюЁютюую ўхыютхър фюыцэ√ с√Є№ ёєїшьш ш Є╕яы√ьш.<br>\r\n            Ч ┬ырцэ√х ш їюыюфэ√х эюуш уютюЁ Є ю эхфюёЄрЄъх ¤эхЁушш т юсырёЄш цхыєфър ш Єюэъющ ъш°ъш, р Єръцх ю эрЁє°хэшш ЁрсюЄ√ ¤эфюъЁшээющ цхыхч√.<br>\r\n            Ч ┬ырцэ√х ш уюЁ ўшх эюуш Ч яют√°хээр  ЄхьяхЁрЄєЁр яЁш тюёярышЄхы№э√ї яЁюЎхёёрї ш ы╕уюўэ√ї шэЇхъЎш ї.<br>\r\n            Ч ╤єїшх ш їюыюфэ√х эюуш єърч√тр■Є эр эхфюёЄрЄюўэюёЄ№ ёхЁфхўэю-ёюёєфшёЄющ ёшёЄхь√ ш шчьхэхэш  уюыютэюую ьючур.<br>\r\n            Ч ╤єїшх ш уюЁ ўшх Ч ўр∙х тёхую є ы■фхщ, ёЄЁрфр■∙шї шчс√Єюўэющ ЇєэъЎшхщ ∙шЄютшфэющ цхыхч√ ш яют√°хээющ ъшёыюЄэюёЄ№■.<br>\r\n            Ч ┼ёыш яЁртр  ёЄюяр Є╕яыр , р ыхтр  Ч їюыюфэр , ёЄюшЄ юсЁрЄшЄ№ тэшьрэшх эр ЁрсюЄє ёхЁфЎр.<br>\r\n        </p>\r\n        <a href=\"{% url 'catalog' 34 %}\" type=\"button\" class=\"btn btn-sm btn-warning mt-3 mb-4\"><strong>╤ьюЄЁхЄ№ х∙╕ сюы№°х ЄютрЁют фрээющ ърЄхуюЁшш</strong></a>\r\n    </div>\r\n</div>"}}]
